price_id,price_type,product_code,category_tag,price,price_per,currency,date,location_id,proof_id,proof_type,country,city,qc_price_positive,qc_currency_present,qc_date_present,qc_date_not_future,qc_date_valid,qc_proof_present,qc_proof_visual,qc_product_identity,qc_core_eligible,product_name,brands,categories_tags,nutriscore_grade,nova_group,off_source_sha256,off_acquired_at,off_last_modified_t,off_history_status,proof_metadata_sha256,proof_metadata_type,proof_prediction_count,year,month,day_of_week,proof_metadata_available
355,PRODUCT,3423182102411,,4.150,,EUR,2023-11-27,1,9880,SHOP_IMPORT,France,Grenoble,True,True,True,True,True,True,False,True,True,pur jus pomme framboise bio,Thomas Le Prince,"[""en:beverages-and-beverages-preparations"", ""en:plant-based-foods-and-beverages"", ""en:beverages"", ""en:fruit-based-foods-and-beverages"", ""en:plant-based-beverages"", ""en:fruit-based-beverages"", ""en:juices-and-nectars"", ""en:fruit-juices"", ""en:multifruit-juices""]",d,1.0,d0db609e5c045e822adffddf1c76db2d871627f5ea815751fcd0216e91ad4014,2026-09-06T22:58:21.457654+00:00,1773781785,NO_VERIFICABLE_HISTORICAMENTE,,,,2023,11,0,False
655,PRODUCT,3760020507916,,3.070,,EUR,2023-11-27,1,9880,SHOP_IMPORT,France,Grenoble,True,True,True,True,True,True,False,True,True,Gaufrettes chocolat,"Jardin Bio étic, Jardin biologique, Léa Nature","[""en:snacks"", ""en:desserts"", ""en:sweet-snacks"", ""en:biscuits-and-cakes"", ""en:biscuits-and-crackers"", ""en:biscuits"", ""en:wafers"", ""en:chocolate-biscuits"", ""en:stuffed-wafers"", ""en:chocolate-stuffed-wafers""]",e,3.0,d9cea108ffaf5dd04b2e00df5ad1901015599cd34b55021ed1fc14aee7cff222,2026-09-05T19:36:23.581606+00:00,1773441594,NO_VERIFICABLE_HISTORICAMENTE,,,,2023,11,0,False
999,PRODUCT,3443431503004,,6.350,,EUR,2023-12-18,2,1,PRICE_TAG,France,Paris,True,True,True,True,True,True,True,True,True,Poudre de cacao maigre biologique,Les Rois Mages,"[""en:cocoa-and-its-products"", ""en:cocoa-and-chocolate-powders"", ""en:cocoa-powders""]",unknown,1.0,c126eff15c206b04bbf51f37494d9d7315ce39955a20846a7f0aba6a573413df,2026-09-06T22:58:26.582736+00:00,1773703274,NO_VERIFICABLE_HISTORICAMENTE,ed4ac3816ec57380b354c1453b65e57903752df7c6462a8890b568102277ec64,PRICE_TAG,2,2023,12,0,True
1000,PRODUCT,3456300014556,,2.850,,EUR,2023-12-19,3,2,PRICE_TAG,France,Grenoble,True,True,True,True,True,True,True,True,True,Fourrés Chocolat🍫,"Jardin Bio étic, jardin bio étic Léa Nature","[""en:snacks"", ""en:frozen-foods"", ""en:sweet-snacks"", ""en:biscuits-and-cakes"", ""en:biscuits-and-crackers"", ""en:biscuits"", ""en:filled-biscuits""]",d,3.0,28163a9aa69ae9dc57a947e50ab8cfa93c424eb067341d182af5a868ba9d1823,2026-09-06T22:58:37.175429+00:00,1788508142,NO_VERIFICABLE_HISTORICAMENTE,1f6513ce0868adfd6c701b0c880f853319edd5e64d1881dca7d3880cd33381ac,PRICE_TAG,2,2023,12,1,True
1001,PRODUCT,3760020507916,,3.160,,EUR,2023-12-19,3,3,PRICE_TAG,France,Grenoble,True,True,True,True,True,True,False,True,True,Gaufrettes chocolat,"Jardin Bio étic, Jardin biologique, Léa Nature","[""en:snacks"", ""en:desserts"", ""en:sweet-snacks"", ""en:biscuits-and-cakes"", ""en:biscuits-and-crackers"", ""en:biscuits"", ""en:wafers"", ""en:chocolate-biscuits"", ""en:stuffed-wafers"", ""en:chocolate-stuffed-wafers""]",e,3.0,d9cea108ffaf5dd04b2e00df5ad1901015599cd34b55021ed1fc14aee7cff222,2026-09-05T19:36:23.581606+00:00,1773441594,NO_VERIFICABLE_HISTORICAMENTE,,,,2023,12,1,False
1096,PRODUCT,3456300014556,,2.620,,EUR,2023-12-24,11,83,PRICE_TAG,France,Grenoble,True,True,True,True,True,True,False,True,True,Fourrés Chocolat🍫,"Jardin Bio étic, jardin bio étic Léa Nature","[""en:snacks"", ""en:frozen-foods"", ""en:sweet-snacks"", ""en:biscuits-and-cakes"", ""en:biscuits-and-crackers"", ""en:biscuits"", ""en:filled-biscuits""]",d,3.0,28163a9aa69ae9dc57a947e50ab8cfa93c424eb067341d182af5a868ba9d1823,2026-09-06T22:58:37.175429+00:00,1788508142,NO_VERIFICABLE_HISTORICAMENTE,,,,2023,12,6,False
1108,PRODUCT,3456300014556,,2.850,,EUR,2023-12-24,3,95,PRICE_TAG,France,Grenoble,True,True,True,True,True,True,False,True,True,Fourrés Chocolat🍫,"Jardin Bio étic, jardin bio étic Léa Nature","[""en:snacks"", ""en:frozen-foods"", ""en:sweet-snacks"", ""en:biscuits-and-cakes"", ""en:biscuits-and-crackers"", ""en:biscuits"", ""en:filled-biscuits""]",d,3.0,28163a9aa69ae9dc57a947e50ab8cfa93c424eb067341d182af5a868ba9d1823,2026-09-06T22:58:37.175429+00:00,1788508142,NO_VERIFICABLE_HISTORICAMENTE,,,,2023,12,6,False
1109,PRODUCT,3760020507916,,3.160,,EUR,2023-12-24,3,96,PRICE_TAG,France,Grenoble,True,True,True,True,True,True,False,True,True,Gaufrettes chocolat,"Jardin Bio étic, Jardin biologique, Léa Nature","[""en:snacks"", ""en:desserts"", ""en:sweet-snacks"", ""en:biscuits-and-cakes"", ""en:biscuits-and-crackers"", ""en:biscuits"", ""en:wafers"", ""en:chocolate-biscuits"", ""en:stuffed-wafers"", ""en:chocolate-stuffed-wafers""]",e,3.0,d9cea108ffaf5dd04b2e00df5ad1901015599cd34b55021ed1fc14aee7cff222,2026-09-05T19:36:23.581606+00:00,1773441594,NO_VERIFICABLE_HISTORICAMENTE,,,,2023,12,6,False
1124,PRODUCT,3760020507916,,3.150,,EUR,2023-12-24,12,112,PRICE_TAG,France,Échirolles,True,True,True,True,True,True,False,True,True,Gaufrettes chocolat,"Jardin Bio étic, Jardin biologique, Léa Nature","[""en:snacks"", ""en:desserts"", ""en:sweet-snacks"", ""en:biscuits-and-cakes"", ""en:biscuits-and-crackers"", ""en:biscuits"", ""en:wafers"", ""en:chocolate-biscuits"", ""en:stuffed-wafers"", ""en:chocolate-stuffed-wafers""]",e,3.0,d9cea108ffaf5dd04b2e00df5ad1901015599cd34b55021ed1fc14aee7cff222,2026-09-05T19:36:23.581606+00:00,1773441594,NO_VERIFICABLE_HISTORICAMENTE,,,,2023,12,6,False
1125,PRODUCT,3456300014556,,2.990,,EUR,2023-12-24,12,113,PRICE_TAG,France,Échirolles,True,True,True,True,True,True,False,True,True,Fourrés Chocolat🍫,"Jardin Bio étic, jardin bio étic Léa Nature","[""en:snacks"", ""en:frozen-foods"", ""en:sweet-snacks"", ""en:biscuits-and-cakes"", ""en:biscuits-and-crackers"", ""en:biscuits"", ""en:filled-biscuits""]",d,3.0,28163a9aa69ae9dc57a947e50ab8cfa93c424eb067341d182af5a868ba9d1823,2026-09-06T22:58:37.175429+00:00,1788508142,NO_VERIFICABLE_HISTORICAMENTE,,,,2023,12,6,False
1142,PRODUCT,3456300014556,,2.850,,EUR,2023-12-26,14,133,PRICE_TAG,France,Grenoble,True,True,True,True,True,True,False,True,True,Fourrés Chocolat🍫,"Jardin Bio étic, jardin bio étic Léa Nature","[""en:snacks"", ""en:frozen-foods"", ""en:sweet-snacks"", ""en:biscuits-and-cakes"", ""en:biscuits-and-crackers"", ""en:biscuits"", ""en:filled-biscuits""]",d,3.0,28163a9aa69ae9dc57a947e50ab8cfa93c424eb067341d182af5a868ba9d1823,2026-09-06T22:58:37.175429+00:00,1788508142,NO_VERIFICABLE_HISTORICAMENTE,,,,2023,12,1,False
1143,PRODUCT,3760020507916,,2.820,,EUR,2023-12-26,14,134,PRICE_TAG,France,Grenoble,True,True,True,True,True,True,False,True,True,Gaufrettes chocolat,"Jardin Bio étic, Jardin biologique, Léa Nature","[""en:snacks"", ""en:desserts"", ""en:sweet-snacks"", ""en:biscuits-and-cakes"", ""en:biscuits-and-crackers"", ""en:biscuits"", ""en:wafers"", ""en:chocolate-biscuits"", ""en:stuffed-wafers"", ""en:chocolate-stuffed-wafers""]",e,3.0,d9cea108ffaf5dd04b2e00df5ad1901015599cd34b55021ed1fc14aee7cff222,2026-09-05T19:36:23.581606+00:00,1773441594,NO_VERIFICABLE_HISTORICAMENTE,,,,2023,12,1,False
1438,PRODUCT,2006050063055,,4.290,,EUR,2024-01-05,27,445,RECEIPT,France,Levallois-Perret,True,True,True,True,True,True,True,True,True,Pistaches de californie grillées,TRADUCTION JOES,"[""en:plant-based-foods-and-beverages"", ""en:plant-based-foods"", ""en:snacks"", ""en:salty-snacks"", ""en:nuts-and-their-products"", ""en:nuts"", ""en:pistachios"", ""en:roasted-pistachios"", ""en:salted-nuts"", ""en:salted-pistachios"", ""en:unsalted-pistachios""]",a,3.0,985f87620375ca54d57583808134f9610ba96d1b751e0ca789e2061b979d1940,2026-09-06T22:56:08.941173+00:00,1774508161,NO_VERIFICABLE_HISTORICAMENTE,19a0ae8bb095b9c33143b864b727c5285b184f8a04a3f01fbdae182561179158,RECEIPT,2,2024,1,4,True
1439,PRODUCT,2006050027217,,2.690,,EUR,2024-01-05,27,446,RECEIPT,France,Levallois-Perret,True,True,True,True,True,True,True,True,True,Amandes grillées,Trader Joe's,"[""en:plant-based-foods-and-beverages"", ""en:plant-based-foods"", ""en:nuts-and-their-products"", ""en:nuts"", ""en:almonds"", ""en:shelled-nuts"", ""en:shelled-almonds"", ""en:roasted-almonds"", ""en:unsalted-almonds"", ""en:whole-almonds"", ""en:almonds-roasted-and-unsalted""]",unknown,1.0,25ebe2c0664dc0fc8864070dfad6367cc162c91b9b304e971c8569662b6e7b92,2026-09-06T22:56:03.778423+00:00,1788371362,NO_VERIFICABLE_HISTORICAMENTE,7a8b83420bc79d944bd2db7d54e6d91d7301a5b643ed77cc7da00691450c663f,RECEIPT,2,2024,1,4,True
2457,PRODUCT,3456300014556,,2.050,,EUR,2020-09-18,44,1467,PRICE_TAG,France,Thiais,True,True,True,True,True,True,False,True,True,Fourrés Chocolat🍫,"Jardin Bio étic, jardin bio étic Léa Nature","[""en:snacks"", ""en:frozen-foods"", ""en:sweet-snacks"", ""en:biscuits-and-cakes"", ""en:biscuits-and-crackers"", ""en:biscuits"", ""en:filled-biscuits""]",d,3.0,28163a9aa69ae9dc57a947e50ab8cfa93c424eb067341d182af5a868ba9d1823,2026-09-06T22:58:37.175429+00:00,1788508142,NO_VERIFICABLE_HISTORICAMENTE,,,,2020,9,4,False
5101,PRODUCT,5000112611878,,1.990,,EUR,2024-02-10,43,2377,PRICE_TAG,France,Marcq-en-Barœul,True,True,True,True,True,True,False,True,True,coca cola zero,Cocacola,"[""en:beverages-and-beverages-preparations"", ""en:beverages"", ""en:non-alcoholic-beverages"", ""en:carbonated-drinks"", ""en:soft-drinks"", ""en:artificially-sweetened-beverages"", ""en:sodas"", ""en:diet-beverages"", ""en:colas"", ""en:diet-sodas"", ""en:diet-cola-soft-drink""]",unknown,4.0,f41cd3f2dade88d4268353353d5dbf52f2025a396d4f4a709efe3ac9ab99291f,2026-09-06T22:59:54.940802+00:00,1788030591,NO_VERIFICABLE_HISTORICAMENTE,,,,2024,2,5,False
5108,PRODUCT,3456300014556,,2.370,,EUR,2024-02-10,34,2382,RECEIPT,France,Bresson,True,True,True,True,True,True,False,True,True,Fourrés Chocolat🍫,"Jardin Bio étic, jardin bio étic Léa Nature","[""en:snacks"", ""en:frozen-foods"", ""en:sweet-snacks"", ""en:biscuits-and-cakes"", ""en:biscuits-and-crackers"", ""en:biscuits"", ""en:filled-biscuits""]",d,3.0,28163a9aa69ae9dc57a947e50ab8cfa93c424eb067341d182af5a868ba9d1823,2026-09-06T22:58:37.175429+00:00,1788508142,NO_VERIFICABLE_HISTORICAMENTE,,,,2024,2,5,False
5110,PRODUCT,3760020507916,,3.060,,EUR,2024-02-10,34,2382,RECEIPT,France,Bresson,True,True,True,True,True,True,False,True,True,Gaufrettes chocolat,"Jardin Bio étic, Jardin biologique, Léa Nature","[""en:snacks"", ""en:desserts"", ""en:sweet-snacks"", ""en:biscuits-and-cakes"", ""en:biscuits-and-crackers"", ""en:biscuits"", ""en:wafers"", ""en:chocolate-biscuits"", ""en:stuffed-wafers"", ""en:chocolate-stuffed-wafers""]",e,3.0,d9cea108ffaf5dd04b2e00df5ad1901015599cd34b55021ed1fc14aee7cff222,2026-09-05T19:36:23.581606+00:00,1773441594,NO_VERIFICABLE_HISTORICAMENTE,,,,2024,2,5,False
5268,PRODUCT,3770018078151,,3.390,,EUR,2024-02-10,121,2414,RECEIPT,France,Lyon,True,True,True,True,True,True,True,True,True,Bacon Vegetal Fumé,LA VIE,"[""en:meat-alternatives"", ""en:meat-analogues"", ""en:meat-analogues-from-soy-or-wheat-proteins"", ""en:bacon-substitutes"", ""en:meat-analogues-from-pea-proteins""]",d,4.0,d3b2de87961cdb4eaa4161956fe1fcc83469f0fe7c6ee05e5f930f9de9c32413,2026-09-06T22:59:23.891534+00:00,1782220495,NO_VERIFICABLE_HISTORICAMENTE,539df9f50bd6f5808dc5daadbc4d4fbcd58d2a2a8cfde3c91d4b93c220c02766,RECEIPT,2,2024,2,5,True
5567,PRODUCT,3456300014556,,2.790,,EUR,2024-02-12,126,2660,PRICE_TAG,France,Lille,True,True,True,True,True,True,False,True,True,Fourrés Chocolat🍫,"Jardin Bio étic, jardin bio étic Léa Nature","[""en:snacks"", ""en:frozen-foods"", ""en:sweet-snacks"", ""en:biscuits-and-cakes"", ""en:biscuits-and-crackers"", ""en:biscuits"", ""en:filled-biscuits""]",d,3.0,28163a9aa69ae9dc57a947e50ab8cfa93c424eb067341d182af5a868ba9d1823,2026-09-06T22:58:37.175429+00:00,1788508142,NO_VERIFICABLE_HISTORICAMENTE,,,,2024,2,0,False
5845,PRODUCT,3038353911909,,2.250,,EUR,2024-02-14,126,2919,PRICE_TAG,France,Lille,True,True,True,True,True,True,False,True,True,Quenelles de brochet sauce Nantua,Petitjean,"[""en:canned-foods"", ""en:meals"", ""en:canned-meals"", ""en:meals-with-fish"", ""fr:quenelles"", ""en:fish-quenelles"", ""en:fish-quenelle-in-sauce"", ""en:pike-quenelles""]",c,4.0,f713a2cd4d3b4ebb3c936eb81b23522946973d2ee987128fbcd7a3779bc34b1c,2026-09-06T22:56:30.356241+00:00,1773416645,NO_VERIFICABLE_HISTORICAMENTE,,,,2024,2,2,False
5950,PRODUCT,5000112611878,,1.970,,EUR,2024-02-15,150,3006,PRICE_TAG,France,Lille,True,True,True,True,True,True,False,True,True,coca cola zero,Cocacola,"[""en:beverages-and-beverages-preparations"", ""en:beverages"", ""en:non-alcoholic-beverages"", ""en:carbonated-drinks"", ""en:soft-drinks"", ""en:artificially-sweetened-beverages"", ""en:sodas"", ""en:diet-beverages"", ""en:colas"", ""en:diet-sodas"", ""en:diet-cola-soft-drink""]",unknown,4.0,f41cd3f2dade88d4268353353d5dbf52f2025a396d4f4a709efe3ac9ab99291f,2026-09-06T22:59:54.940802+00:00,1788030591,NO_VERIFICABLE_HISTORICAMENTE,,,,2024,2,3,False
6123,PRODUCT,3384110004736,,2.300,,EUR,2018-03-27,154,3070,GDPR_REQUEST,France,Belley,True,True,True,True,True,True,False,True,True,Poitrine Cuite Roulée,Saveurs Bressanes,"[""en:meats-and-their-products"", ""en:meats"", ""en:pork-and-its-products"", ""en:prepared-meats"", ""en:pork"", ""fr:charcuteries-cuites""]",d,4.0,aee7ee61aaef49ced717631d7a48fa451ee7cd589b946594674713c65a8a42a7,2026-09-06T22:58:16.312420+00:00,1774440021,NO_VERIFICABLE_HISTORICAMENTE,,,,2018,3,1,False
6124,PRODUCT,3596710435791,,0.470,,EUR,2018-03-27,154,3070,GDPR_REQUEST,France,Belley,True,True,True,True,True,True,False,True,True,Farine de blé T55,"Auchan, Pouce","[""en:plant-based-foods-and-beverages"", ""en:plant-based-foods"", ""en:cereals-and-potatoes"", ""en:cereals-and-their-products"", ""en:flours"", ""en:cereal-flours"", ""en:wheat-flours"", ""en:common-wheat-flours"", ""en:white-wheat-flours"", ""en:wheat-flour-type-55-for-bread""]",a,1.0,6a9f96dcaf3d96f4bc272d1751371a8823df59a8e0244f9821a538d6ecc0602b,2026-09-06T22:59:02.991396+00:00,1729829193,NO_VERIFICABLE_HISTORICAMENTE,,,,2018,3,1,False
6190,PRODUCT,3384110004736,,2.300,,EUR,2018-05-03,154,3070,GDPR_REQUEST,France,Belley,True,True,True,True,True,True,False,True,True,Poitrine Cuite Roulée,Saveurs Bressanes,"[""en:meats-and-their-products"", ""en:meats"", ""en:pork-and-its-products"", ""en:prepared-meats"", ""en:pork"", ""fr:charcuteries-cuites""]",d,4.0,aee7ee61aaef49ced717631d7a48fa451ee7cd589b946594674713c65a8a42a7,2026-09-06T22:58:16.312420+00:00,1774440021,NO_VERIFICABLE_HISTORICAMENTE,,,,2018,5,3,False
6381,PRODUCT,3384110004736,,2.300,,EUR,2018-08-09,154,3070,GDPR_REQUEST,France,Belley,True,True,True,True,True,True,False,True,True,Poitrine Cuite Roulée,Saveurs Bressanes,"[""en:meats-and-their-products"", ""en:meats"", ""en:pork-and-its-products"", ""en:prepared-meats"", ""en:pork"", ""fr:charcuteries-cuites""]",d,4.0,aee7ee61aaef49ced717631d7a48fa451ee7cd589b946594674713c65a8a42a7,2026-09-06T22:58:16.312420+00:00,1774440021,NO_VERIFICABLE_HISTORICAMENTE,,,,2018,8,3,False
6522,PRODUCT,3384110004736,,2.300,,EUR,2018-09-28,154,3070,GDPR_REQUEST,France,Belley,True,True,True,True,True,True,False,True,True,Poitrine Cuite Roulée,Saveurs Bressanes,"[""en:meats-and-their-products"", ""en:meats"", ""en:pork-and-its-products"", ""en:prepared-meats"", ""en:pork"", ""fr:charcuteries-cuites""]",d,4.0,aee7ee61aaef49ced717631d7a48fa451ee7cd589b946594674713c65a8a42a7,2026-09-06T22:58:16.312420+00:00,1774440021,NO_VERIFICABLE_HISTORICAMENTE,,,,2018,9,4,False
6557,PRODUCT,3384110004736,,2.300,,EUR,2018-10-09,154,3070,GDPR_REQUEST,France,Belley,True,True,True,True,True,True,False,True,True,Poitrine Cuite Roulée,Saveurs Bressanes,"[""en:meats-and-their-products"", ""en:meats"", ""en:pork-and-its-products"", ""en:prepared-meats"", ""en:pork"", ""fr:charcuteries-cuites""]",d,4.0,aee7ee61aaef49ced717631d7a48fa451ee7cd589b946594674713c65a8a42a7,2026-09-06T22:58:16.312420+00:00,1774440021,NO_VERIFICABLE_HISTORICAMENTE,,,,2018,10,1,False
6563,PRODUCT,3038359004544,,0.650,,EUR,2018-10-09,154,3070,GDPR_REQUEST,France,Belley,True,True,True,True,True,True,False,True,True,Sauce Tomate concentrée cuisinée aux petits légumes,"Panzani, panzani","[""en:plant-based-foods-and-beverages"", ""en:plant-based-foods"", ""en:fruits-and-vegetables-based-foods"", ""en:vegetable-based-foods-and-beverages"", ""en:condiments"", ""en:vegetables-based-foods"", ""en:tomatoes-and-their-products"", ""en:sauces"", ""en:tomato-sauces"", ""en:meal-kits""]",d,4.0,1525ef9c4b93a3b937a69eaec8f574478094d6ae7f1cef983e3d35932dc3445a,2026-09-06T22:56:35.694423+00:00,1787478069,NO_VERIFICABLE_HISTORICAMENTE,,,,2018,10,1,False
6729,PRODUCT,3038359004544,,0.650,,EUR,2018-11-09,154,3070,GDPR_REQUEST,France,Belley,True,True,True,True,True,True,False,True,True,Sauce Tomate concentrée cuisinée aux petits légumes,"Panzani, panzani","[""en:plant-based-foods-and-beverages"", ""en:plant-based-foods"", ""en:fruits-and-vegetables-based-foods"", ""en:vegetable-based-foods-and-beverages"", ""en:condiments"", ""en:vegetables-based-foods"", ""en:tomatoes-and-their-products"", ""en:sauces"", ""en:tomato-sauces"", ""en:meal-kits""]",d,4.0,1525ef9c4b93a3b937a69eaec8f574478094d6ae7f1cef983e3d35932dc3445a,2026-09-06T22:56:35.694423+00:00,1787478069,NO_VERIFICABLE_HISTORICAMENTE,,,,2018,11,4,False
6780,PRODUCT,3384110004736,,2.300,,EUR,2018-11-30,154,3070,GDPR_REQUEST,France,Belley,True,True,True,True,True,True,False,True,True,Poitrine Cuite Roulée,Saveurs Bressanes,"[""en:meats-and-their-products"", ""en:meats"", ""en:pork-and-its-products"", ""en:prepared-meats"", ""en:pork"", ""fr:charcuteries-cuites""]",d,4.0,aee7ee61aaef49ced717631d7a48fa451ee7cd589b946594674713c65a8a42a7,2026-09-06T22:58:16.312420+00:00,1774440021,NO_VERIFICABLE_HISTORICAMENTE,,,,2018,11,4,False
6923,PRODUCT,3384110004736,,2.300,,EUR,2018-12-29,154,3070,GDPR_REQUEST,France,Belley,True,True,True,True,True,True,False,True,True,Poitrine Cuite Roulée,Saveurs Bressanes,"[""en:meats-and-their-products"", ""en:meats"", ""en:pork-and-its-products"", ""en:prepared-meats"", ""en:pork"", ""fr:charcuteries-cuites""]",d,4.0,aee7ee61aaef49ced717631d7a48fa451ee7cd589b946594674713c65a8a42a7,2026-09-06T22:58:16.312420+00:00,1774440021,NO_VERIFICABLE_HISTORICAMENTE,,,,2018,12,5,False
7054,PRODUCT,3384110004736,,2.300,,EUR,2019-01-25,154,3070,GDPR_REQUEST,France,Belley,True,True,True,True,True,True,False,True,True,Poitrine Cuite Roulée,Saveurs Bressanes,"[""en:meats-and-their-products"", ""en:meats"", ""en:pork-and-its-products"", ""en:prepared-meats"", ""en:pork"", ""fr:charcuteries-cuites""]",d,4.0,aee7ee61aaef49ced717631d7a48fa451ee7cd589b946594674713c65a8a42a7,2026-09-06T22:58:16.312420+00:00,1774440021,NO_VERIFICABLE_HISTORICAMENTE,,,,2019,1,4,False
7104,PRODUCT,3384110004736,,2.300,,EUR,2019-02-14,154,3070,GDPR_REQUEST,France,Belley,True,True,True,True,True,True,False,True,True,Poitrine Cuite Roulée,Saveurs Bressanes,"[""en:meats-and-their-products"", ""en:meats"", ""en:pork-and-its-products"", ""en:prepared-meats"", ""en:pork"", ""fr:charcuteries-cuites""]",d,4.0,aee7ee61aaef49ced717631d7a48fa451ee7cd589b946594674713c65a8a42a7,2026-09-06T22:58:16.312420+00:00,1774440021,NO_VERIFICABLE_HISTORICAMENTE,,,,2019,2,3,False
7237,PRODUCT,3384110004736,,2.300,,EUR,2019-04-12,154,3070,GDPR_REQUEST,France,Belley,True,True,True,True,True,True,False,True,True,Poitrine Cuite Roulée,Saveurs Bressanes,"[""en:meats-and-their-products"", ""en:meats"", ""en:pork-and-its-products"", ""en:prepared-meats"", ""en:pork"", ""fr:charcuteries-cuites""]",d,4.0,aee7ee61aaef49ced717631d7a48fa451ee7cd589b946594674713c65a8a42a7,2026-09-06T22:58:16.312420+00:00,1774440021,NO_VERIFICABLE_HISTORICAMENTE,,,,2019,4,4,False
7273,PRODUCT,3384110004736,,2.300,,EUR,2019-04-26,154,3070,GDPR_REQUEST,France,Belley,True,True,True,True,True,True,False,True,True,Poitrine Cuite Roulée,Saveurs Bressanes,"[""en:meats-and-their-products"", ""en:meats"", ""en:pork-and-its-products"", ""en:prepared-meats"", ""en:pork"", ""fr:charcuteries-cuites""]",d,4.0,aee7ee61aaef49ced717631d7a48fa451ee7cd589b946594674713c65a8a42a7,2026-09-06T22:58:16.312420+00:00,1774440021,NO_VERIFICABLE_HISTORICAMENTE,,,,2019,4,4,False
7316,PRODUCT,3384110004736,,2.300,,EUR,2019-05-17,154,3070,GDPR_REQUEST,France,Belley,True,True,True,True,True,True,False,True,True,Poitrine Cuite Roulée,Saveurs Bressanes,"[""en:meats-and-their-products"", ""en:meats"", ""en:pork-and-its-products"", ""en:prepared-meats"", ""en:pork"", ""fr:charcuteries-cuites""]",d,4.0,aee7ee61aaef49ced717631d7a48fa451ee7cd589b946594674713c65a8a42a7,2026-09-06T22:58:16.312420+00:00,1774440021,NO_VERIFICABLE_HISTORICAMENTE,,,,2019,5,4,False
7548,PRODUCT,3384110004736,,2.000,,EUR,2019-09-05,154,3070,GDPR_REQUEST,France,Belley,True,True,True,True,True,True,False,True,True,Poitrine Cuite Roulée,Saveurs Bressanes,"[""en:meats-and-their-products"", ""en:meats"", ""en:pork-and-its-products"", ""en:prepared-meats"", ""en:pork"", ""fr:charcuteries-cuites""]",d,4.0,aee7ee61aaef49ced717631d7a48fa451ee7cd589b946594674713c65a8a42a7,2026-09-06T22:58:16.312420+00:00,1774440021,NO_VERIFICABLE_HISTORICAMENTE,,,,2019,9,3,False
7626,PRODUCT,3384110004736,,2.000,,EUR,2019-10-17,154,3070,GDPR_REQUEST,France,Belley,True,True,True,True,True,True,False,True,True,Poitrine Cuite Roulée,Saveurs Bressanes,"[""en:meats-and-their-products"", ""en:meats"", ""en:pork-and-its-products"", ""en:prepared-meats"", ""en:pork"", ""fr:charcuteries-cuites""]",d,4.0,aee7ee61aaef49ced717631d7a48fa451ee7cd589b946594674713c65a8a42a7,2026-09-06T22:58:16.312420+00:00,1774440021,NO_VERIFICABLE_HISTORICAMENTE,,,,2019,10,3,False
7751,PRODUCT,3384110004736,,2.000,,EUR,2019-12-03,154,3070,GDPR_REQUEST,France,Belley,True,True,True,True,True,True,False,True,True,Poitrine Cuite Roulée,Saveurs Bressanes,"[""en:meats-and-their-products"", ""en:meats"", ""en:pork-and-its-products"", ""en:prepared-meats"", ""en:pork"", ""fr:charcuteries-cuites""]",d,4.0,aee7ee61aaef49ced717631d7a48fa451ee7cd589b946594674713c65a8a42a7,2026-09-06T22:58:16.312420+00:00,1774440021,NO_VERIFICABLE_HISTORICAMENTE,,,,2019,12,1,False
8029,PRODUCT,3384110004736,,2.000,,EUR,2020-03-03,154,3070,GDPR_REQUEST,France,Belley,True,True,True,True,True,True,False,True,True,Poitrine Cuite Roulée,Saveurs Bressanes,"[""en:meats-and-their-products"", ""en:meats"", ""en:pork-and-its-products"", ""en:prepared-meats"", ""en:pork"", ""fr:charcuteries-cuites""]",d,4.0,aee7ee61aaef49ced717631d7a48fa451ee7cd589b946594674713c65a8a42a7,2026-09-06T22:58:16.312420+00:00,1774440021,NO_VERIFICABLE_HISTORICAMENTE,,,,2020,3,1,False
8989,PRODUCT,3302740047312,,2.690,,EUR,2021-05-27,154,3070,GDPR_REQUEST,France,Belley,True,True,True,True,True,True,False,True,True,Simplement bon - 25% de Sel*,Fleury Michon,"[""en:meats-and-their-products"", ""en:specific-products"", ""en:meats"", ""en:pork-and-its-products"", ""en:prepared-meats"", ""en:products-for-specific-diets"", ""en:hams"", ""en:prepared-pork-meats"", ""en:white-hams"", ""en:cooked-ham-of-superior-quality"", ""en:products-with-reduced-salt"", ""en:cooked-ham-superior-quality-reduced-salt"", ""en:prepared-meats-with-less-salt"", ""en:white-hams-with-less-salt""]",c,4.0,c6e416d7690beab36142fe27c4cfe15cba0edd1a6291fa0004a1c84a22a7a8bb,2026-09-06T22:58:11.178014+00:00,1774471953,NO_VERIFICABLE_HISTORICAMENTE,,,,2021,5,3,False
10016,PRODUCT,3038359004544,,0.870,,EUR,2022-08-10,154,3070,GDPR_REQUEST,France,Belley,True,True,True,True,True,True,False,True,True,Sauce Tomate concentrée cuisinée aux petits légumes,"Panzani, panzani","[""en:plant-based-foods-and-beverages"", ""en:plant-based-foods"", ""en:fruits-and-vegetables-based-foods"", ""en:vegetable-based-foods-and-beverages"", ""en:condiments"", ""en:vegetables-based-foods"", ""en:tomatoes-and-their-products"", ""en:sauces"", ""en:tomato-sauces"", ""en:meal-kits""]",d,4.0,1525ef9c4b93a3b937a69eaec8f574478094d6ae7f1cef983e3d35932dc3445a,2026-09-06T22:56:35.694423+00:00,1787478069,NO_VERIFICABLE_HISTORICAMENTE,,,,2022,8,2,False
10187,PRODUCT,3033491451652,,2.210,,EUR,2022-10-27,154,3070,GDPR_REQUEST,France,Belley,True,True,True,True,True,True,False,True,True,"Le petit suisse gervais nature 9,5 % 60 g x 12",GERVAIS,"[""en:dairies"", ""en:fermented-foods"", ""en:fermented-milk-products"", ""en:desserts"", ""en:dairy-desserts"", ""en:fermented-dairy-desserts"", ""en:fromages-blancs-petit-suisses-and-skyr"", ""en:petits-suisses"", ""en:plain-fermented-dairy-desserts"", ""en:plain-petit-suisse"", ""fr:fromages-blancs""]",c,1.0,4f4f349aabb1015eafbf3f0f76a06dc782c3b0cb841cf9095ed4cf9c1f2e1ec0,2026-09-05T19:37:13.847004+00:00,1788543018,NO_VERIFICABLE_HISTORICAMENTE,,,,2022,10,3,False
12494,PRODUCT,3760020507916,,2.820,,EUR,2023-10-09,14,3214,GDPR_REQUEST,France,Grenoble,True,True,True,True,True,True,False,True,True,Gaufrettes chocolat,"Jardin Bio étic, Jardin biologique, Léa Nature","[""en:snacks"", ""en:desserts"", ""en:sweet-snacks"", ""en:biscuits-and-cakes"", ""en:biscuits-and-crackers"", ""en:biscuits"", ""en:wafers"", ""en:chocolate-biscuits"", ""en:stuffed-wafers"", ""en:chocolate-stuffed-wafers""]",e,3.0,d9cea108ffaf5dd04b2e00df5ad1901015599cd34b55021ed1fc14aee7cff222,2026-09-05T19:36:23.581606+00:00,1773441594,NO_VERIFICABLE_HISTORICAMENTE,,,,2023,10,0,False
12495,PRODUCT,3760020507916,,2.820,,EUR,2023-10-09,14,3214,GDPR_REQUEST,France,Grenoble,True,True,True,True,True,True,False,True,True,Gaufrettes chocolat,"Jardin Bio étic, Jardin biologique, Léa Nature","[""en:snacks"", ""en:desserts"", ""en:sweet-snacks"", ""en:biscuits-and-cakes"", ""en:biscuits-and-crackers"", ""en:biscuits"", ""en:wafers"", ""en:chocolate-biscuits"", ""en:stuffed-wafers"", ""en:chocolate-stuffed-wafers""]",e,3.0,d9cea108ffaf5dd04b2e00df5ad1901015599cd34b55021ed1fc14aee7cff222,2026-09-05T19:36:23.581606+00:00,1773441594,NO_VERIFICABLE_HISTORICAMENTE,,,,2023,10,0,False
12496,PRODUCT,3760020507916,,2.820,,EUR,2023-10-09,14,3214,GDPR_REQUEST,France,Grenoble,True,True,True,True,True,True,False,True,True,Gaufrettes chocolat,"Jardin Bio étic, Jardin biologique, Léa Nature","[""en:snacks"", ""en:desserts"", ""en:sweet-snacks"", ""en:biscuits-and-cakes"", ""en:biscuits-and-crackers"", ""en:biscuits"", ""en:wafers"", ""en:chocolate-biscuits"", ""en:stuffed-wafers"", ""en:chocolate-stuffed-wafers""]",e,3.0,d9cea108ffaf5dd04b2e00df5ad1901015599cd34b55021ed1fc14aee7cff222,2026-09-05T19:36:23.581606+00:00,1773441594,NO_VERIFICABLE_HISTORICAMENTE,,,,2023,10,0,False
12601,PRODUCT,3456300014556,,2.650,,EUR,2022-09-08,3,3214,GDPR_REQUEST,France,Grenoble,True,True,True,True,True,True,False,True,True,Fourrés Chocolat🍫,"Jardin Bio étic, jardin bio étic Léa Nature","[""en:snacks"", ""en:frozen-foods"", ""en:sweet-snacks"", ""en:biscuits-and-cakes"", ""en:biscuits-and-crackers"", ""en:biscuits"", ""en:filled-biscuits""]",d,3.0,28163a9aa69ae9dc57a947e50ab8cfa93c424eb067341d182af5a868ba9d1823,2026-09-06T22:58:37.175429+00:00,1788508142,NO_VERIFICABLE_HISTORICAMENTE,,,,2022,9,3,False
13309,PRODUCT,5000112611878,,1.680,,EUR,2024-02-18,119,3275,PRICE_TAG,France,Mons-en-Barœul,True,True,True,True,True,True,False,True,True,coca cola zero,Cocacola,"[""en:beverages-and-beverages-preparations"", ""en:beverages"", ""en:non-alcoholic-beverages"", ""en:carbonated-drinks"", ""en:soft-drinks"", ""en:artificially-sweetened-beverages"", ""en:sodas"", ""en:diet-beverages"", ""en:colas"", ""en:diet-sodas"", ""en:diet-cola-soft-drink""]",unknown,4.0,f41cd3f2dade88d4268353353d5dbf52f2025a396d4f4a709efe3ac9ab99291f,2026-09-06T22:59:54.940802+00:00,1788030591,NO_VERIFICABLE_HISTORICAMENTE,,,,2024,2,6,False
13959,PRODUCT,7792052075169,,1600.000,,ARS,2024-02-18,191,3572,PRICE_TAG,Argentina,Buenos Aires,True,True,True,True,True,True,True,True,True,cereal de arroz con chocolate,Rock choc,"[""en:plant-based-foods-and-beverages"", ""en:plant-based-foods"", ""en:breakfasts"", ""en:cereals-and-potatoes"", ""en:cereals-and-their-products"", ""en:breakfast-cereals"", ""en:chocolate-cereals""]",unknown,,253db387eca8f481f6041cfaf085e2a0c07a95b922ffa485172d7e1c22e2d9f7,2026-09-06T23:00:15.704290+00:00,1708914145,NO_VERIFICABLE_HISTORICAMENTE,7207364b2e8462ff33fa4544c18643491b7abf35db31c8fd6953747cc540aae1,PRICE_TAG,2,2024,2,6,True
14122,PRODUCT,5000112611878,,1.890,,EUR,2024-02-27,197,3644,PRICE_TAG,France,Bosc-le-Hard,True,True,True,True,True,True,False,True,True,coca cola zero,Cocacola,"[""en:beverages-and-beverages-preparations"", ""en:beverages"", ""en:non-alcoholic-beverages"", ""en:carbonated-drinks"", ""en:soft-drinks"", ""en:artificially-sweetened-beverages"", ""en:sodas"", ""en:diet-beverages"", ""en:colas"", ""en:diet-sodas"", ""en:diet-cola-soft-drink""]",unknown,4.0,f41cd3f2dade88d4268353353d5dbf52f2025a396d4f4a709efe3ac9ab99291f,2026-09-06T22:59:54.940802+00:00,1788030591,NO_VERIFICABLE_HISTORICAMENTE,,,,2024,2,1,False
14135,PRODUCT,3240931548135,,3.990,,EUR,2024-02-27,194,3650,RECEIPT,France,Paris,True,True,True,True,True,True,False,True,True,Lustucru gnocchi a poêler format xxl 720g,"Lustucru, Lustucru selection","[""en:plant-based-foods-and-beverages"", ""en:plant-based-foods"", ""en:cereals-and-potatoes"", ""en:frozen-foods"", ""en:cereals-and-their-products"", ""en:potatoes-and-their-products"", ""en:pastas"", ""en:cereal-pastas"", ""en:fresh-pasta"", ""en:gnocchi"", ""en:gnocchi-of-durum-wheat-semolina"", ""en:potato-gnocchi""]",c,3.0,b04956fb72164d0aa169caa42e9bfdbb13617cfbe2044d789ec498de0fa4d998,2026-09-06T22:57:12.552522+00:00,1788452995,NO_VERIFICABLE_HISTORICAMENTE,,,,2024,2,1,False
14174,PRODUCT,3423182102411,,5.090,,EUR,2024-02-29,10,3658,PRICE_TAG,France,Grenoble,True,True,True,True,True,True,False,True,True,pur jus pomme framboise bio,Thomas Le Prince,"[""en:beverages-and-beverages-preparations"", ""en:plant-based-foods-and-beverages"", ""en:beverages"", ""en:fruit-based-foods-and-beverages"", ""en:plant-based-beverages"", ""en:fruit-based-beverages"", ""en:juices-and-nectars"", ""en:fruit-juices"", ""en:multifruit-juices""]",d,1.0,d0db609e5c045e822adffddf1c76db2d871627f5ea815751fcd0216e91ad4014,2026-09-06T22:58:21.457654+00:00,1773781785,NO_VERIFICABLE_HISTORICAMENTE,,,,2024,2,3,False
14740,PRODUCT,3019089042228,,2.500,,EUR,2024-03-06,3,3797,PRICE_TAG,France,Grenoble,True,True,True,True,True,True,False,True,True,Rilettes de thon,Petit Navire,"[""en:seafood"", ""en:fishes-and-their-products"", ""en:fishes"", ""en:spreads"", ""en:fatty-fishes"", ""en:salted-spreads"", ""en:rillettes"", ""en:tunas"", ""en:fish-preparations"", ""en:fish-rillettes"", ""en:tuna-preparations"", ""en:tuna-rillettes""]",b,4.0,93fb7c44d4b195f9d413ab31e4a27740bd30a9145da7f06004d0449b96b9eadc,2026-09-06T22:56:14.270975+00:00,1774494952,NO_VERIFICABLE_HISTORICAMENTE,,,,2024,3,2,False
14782,PRODUCT,3165959213028,,2.760,,EUR,2024-03-06,3,3797,PRICE_TAG,France,Grenoble,True,True,True,True,True,True,False,True,True,Saupiquet - Thon à la Catalane,Saupiquet,"[""en:seafood"", ""en:fishes-and-their-products"", ""en:canned-foods"", ""en:fishes"", ""en:fatty-fishes"", ""en:meals"", ""en:canned-fishes"", ""en:tunas"", ""en:meals-with-fish"", ""en:tuna-in-catalan-style""]",c,4.0,211e36bf2792ead092a9301b7f45bcdb8033e2dc0fc9a4c394665ad8fbd7fb7d,2026-09-06T22:56:56.295961+00:00,1779304745,NO_VERIFICABLE_HISTORICAMENTE,,,,2024,3,2,False
14952,PRODUCT,5000112611878,,2.800,,EUR,2024-03-07,230,3816,PRICE_TAG,France,Lille,True,True,True,True,True,True,False,True,True,coca cola zero,Cocacola,"[""en:beverages-and-beverages-preparations"", ""en:beverages"", ""en:non-alcoholic-beverages"", ""en:carbonated-drinks"", ""en:soft-drinks"", ""en:artificially-sweetened-beverages"", ""en:sodas"", ""en:diet-beverages"", ""en:colas"", ""en:diet-sodas"", ""en:diet-cola-soft-drink""]",unknown,4.0,f41cd3f2dade88d4268353353d5dbf52f2025a396d4f4a709efe3ac9ab99291f,2026-09-06T22:59:54.940802+00:00,1788030591,NO_VERIFICABLE_HISTORICAMENTE,,,,2024,3,3,False
15193,PRODUCT,3256224255017,,1.640,,EUR,2024-03-11,127,3987,RECEIPT,France,Veynes,True,True,True,True,True,True,True,True,True,Oeufs poules plein air calibre mixte,U,"[""en:frozen-foods"", ""en:eggs-and-their-products"", ""en:farming-products"", ""en:eggs"", ""en:chicken-eggs"", ""en:free-range-chicken-eggs""]",a,1.0,81b66f20413d062b6a7737d2826aca2311d95374ade3133be3ec7904307bce1c,2026-09-06T22:57:39.117822+00:00,1787757354,NO_VERIFICABLE_HISTORICAMENTE,e82dede603d86f3a4ae1244ebb210ccc9444e681d4e56e4821aaf1f80499579b,RECEIPT,2,2024,3,0,True
15250,PRODUCT,3266140053581,,21.180,,EUR,2024-03-12,11,4012,PRICE_TAG,France,Grenoble,True,True,True,True,True,True,False,True,True,Ravioles du Dauphiné LABEL ROUGE IGP surgelées sachet,Saint jean,"[""en:plant-based-foods-and-beverages"", ""en:plant-based-foods"", ""en:cereals-and-potatoes"", ""en:frozen-foods"", ""en:cereals-and-their-products"", ""en:meals"", ""en:pasta-dishes"", ""en:pastas"", ""en:pastas-and-dumplings"", ""en:combination-meals"", ""en:stuffed-pastas"", ""en:frozen-ready-made-meals"", ""fr:ravioles"", ""en:pasta-stuffed-with-cheese"", ""en:ravioles-du-dauphine"", ""fr:Produits Label Rouge"", ""fr:Produits labellisés""]",d,3.0,268db8cef48b91af093cc67326b7e1bf962d7ddb25b169dcb6d730d6c8618796,2026-09-06T22:57:49.808962+00:00,1774331912,NO_VERIFICABLE_HISTORICAMENTE,,,,2024,3,1,False
16822,PRODUCT,3412290023909,,1.960,,EUR,2024-03-21,275,4367,PRICE_TAG,France,Nantes,True,True,True,True,True,True,True,True,True,Paysan Breton - L'Emmental Français Râpé,Paysan Breton,"[""en:dairies"", ""en:fermented-foods"", ""en:fermented-milk-products"", ""en:cheeses"", ""en:cow-cheeses"", ""en:hard-cheeses"", ""en:emmentaler"", ""en:french-cheeses"", ""en:french-emmentaler"", ""en:grated-cheese"", ""en:grated-emmentaler""]",c,3.0,5be80ad8e7d2bced097cf2d67f047b42504ca05afb54346eda40e5496110d8e3,2026-09-05T19:37:03.716173+00:00,1773777515,NO_VERIFICABLE_HISTORICAMENTE,95dc19e7388ccd62176f7765038c69ac056bb034c9c5bb73242b14a6a95804dc,PRICE_TAG,2,2024,3,3,True
17858,PRODUCT,3770018078151,,3.390,,EUR,2024-04-06,121,4984,RECEIPT,France,Lyon,True,True,True,True,True,True,False,True,True,Bacon Vegetal Fumé,LA VIE,"[""en:meat-alternatives"", ""en:meat-analogues"", ""en:meat-analogues-from-soy-or-wheat-proteins"", ""en:bacon-substitutes"", ""en:meat-analogues-from-pea-proteins""]",d,4.0,d3b2de87961cdb4eaa4161956fe1fcc83469f0fe7c6ee05e5f930f9de9c32413,2026-09-06T22:59:23.891534+00:00,1782220495,NO_VERIFICABLE_HISTORICAMENTE,,,,2024,4,5,False
18314,PRODUCT,8719200265578,,3.500,,EUR,2024-04-15,342,5126,RECEIPT,United Kingdom,Hartlepool,True,True,True,True,True,True,False,True,True,Flora,Flora,"[""en:plant-based-foods-and-beverages"", ""en:plant-based-foods"", ""en:spreads"", ""en:fats"", ""en:plant-based-spreads"", ""en:salted-spreads"", ""en:vegetable-fats"", ""en:spreadable-fats"", ""en:margarines""]",d,4.0,520aff3fa700c59840ef713438cf96ff94a460835c93e43168e3db4c8b5fe974,2026-09-06T23:00:41.742163+00:00,1774538102,NO_VERIFICABLE_HISTORICAMENTE,,,,2024,4,0,False
19660,PRODUCT,4061464487482,,2.690,,EUR,2024-04-25,375,5597,PRICE_TAG,Deutschland,Strausberg,True,True,True,True,True,True,True,True,True,Nussknacker / Nussbeisser XXL,"Aldi, Choceur, Hofer Schokoladefabrik","[""en:snacks"", ""en:sweet-snacks"", ""en:cocoa-and-its-products"", ""en:chocolates"", ""en:milk-chocolates"", ""en:chocolates-with-hazelnuts""]",e,4.0,a1723f3efe4248aaca50726c77ab9f516290e57ac2805d8457975849cf5dd788,2026-09-05T19:37:23.984365+00:00,1782759793,NO_VERIFICABLE_HISTORICAMENTE,d0a5047e662db00d19bcb7018906d73bce45dd714eb3fa3f9c593db5407f1217,PRICE_TAG,2,2024,4,3,True
21794,PRODUCT,3033491350795,,1.600,,EUR,2023-07-01,401,5914,GDPR_REQUEST,France,Miribel,True,True,True,True,True,True,False,True,True,Activia bifidus saveur citron,Danone,"[""en:dairies"", ""en:fermented-foods"", ""en:fermented-milk-products"", ""en:desserts"", ""en:dairy-desserts"", ""en:fermented-dairy-desserts"", ""en:flavoured-fermented-dairy-desserts"", ""en:bifidus-yogurts"", ""en:flavoured-bifidus-yogurts""]",c,4.0,a42b5e3e00b24cab9b5c2abab905e3136c816253190a5e911a7c1092dcc19d9d,2026-09-06T22:56:25.042537+00:00,1785397863,NO_VERIFICABLE_HISTORICAMENTE,,,,2023,7,5,False
22660,PRODUCT,3456300014556,,2.490,,EUR,2022-10-21,401,5914,GDPR_REQUEST,France,Miribel,True,True,True,True,True,True,False,True,True,Fourrés Chocolat🍫,"Jardin Bio étic, jardin bio étic Léa Nature","[""en:snacks"", ""en:frozen-foods"", ""en:sweet-snacks"", ""en:biscuits-and-cakes"", ""en:biscuits-and-crackers"", ""en:biscuits"", ""en:filled-biscuits""]",d,3.0,28163a9aa69ae9dc57a947e50ab8cfa93c424eb067341d182af5a868ba9d1823,2026-09-06T22:58:37.175429+00:00,1788508142,NO_VERIFICABLE_HISTORICAMENTE,,,,2022,10,4,False
22724,PRODUCT,3123930711758,,3.050,,EUR,2022-10-06,401,5914,GDPR_REQUEST,France,Miribel,True,True,True,True,True,True,False,True,True,L'Emmental Français Extra fin,EntreMont,"[""en:dairies"", ""en:fermented-foods"", ""en:fermented-milk-products"", ""en:cheeses"", ""en:cow-cheeses"", ""en:hard-cheeses"", ""en:emmentaler"", ""en:french-cheeses"", ""en:french-emmentaler"", ""en:grated-cheese"", ""en:grated-emmentaler""]",c,3.0,6e5801a73a0beaf7124302ab324b558e0d22794a5ad8e97b5d3c4c48ef89ff5f,2026-09-05T19:36:08.642901+00:00,1786571438,NO_VERIFICABLE_HISTORICAMENTE,,,,2022,10,3,False
22725,PRODUCT,3123930711758,,3.050,,EUR,2022-10-06,401,5914,GDPR_REQUEST,France,Miribel,True,True,True,True,True,True,False,True,True,L'Emmental Français Extra fin,EntreMont,"[""en:dairies"", ""en:fermented-foods"", ""en:fermented-milk-products"", ""en:cheeses"", ""en:cow-cheeses"", ""en:hard-cheeses"", ""en:emmentaler"", ""en:french-cheeses"", ""en:french-emmentaler"", ""en:grated-cheese"", ""en:grated-emmentaler""]",c,3.0,6e5801a73a0beaf7124302ab324b558e0d22794a5ad8e97b5d3c4c48ef89ff5f,2026-09-05T19:36:08.642901+00:00,1786571438,NO_VERIFICABLE_HISTORICAMENTE,,,,2022,10,3,False
22973,PRODUCT,3123930711758,,3.050,,EUR,2022-08-17,401,5914,GDPR_REQUEST,France,Miribel,True,True,True,True,True,True,False,True,True,L'Emmental Français Extra fin,EntreMont,"[""en:dairies"", ""en:fermented-foods"", ""en:fermented-milk-products"", ""en:cheeses"", ""en:cow-cheeses"", ""en:hard-cheeses"", ""en:emmentaler"", ""en:french-cheeses"", ""en:french-emmentaler"", ""en:grated-cheese"", ""en:grated-emmentaler""]",c,3.0,6e5801a73a0beaf7124302ab324b558e0d22794a5ad8e97b5d3c4c48ef89ff5f,2026-09-05T19:36:08.642901+00:00,1786571438,NO_VERIFICABLE_HISTORICAMENTE,,,,2022,8,2,False
23059,PRODUCT,3033491350795,,1.440,,EUR,2022-07-04,401,5914,GDPR_REQUEST,France,Miribel,True,True,True,True,True,True,False,True,True,Activia bifidus saveur citron,Danone,"[""en:dairies"", ""en:fermented-foods"", ""en:fermented-milk-products"", ""en:desserts"", ""en:dairy-desserts"", ""en:fermented-dairy-desserts"", ""en:flavoured-fermented-dairy-desserts"", ""en:bifidus-yogurts"", ""en:flavoured-bifidus-yogurts""]",c,4.0,a42b5e3e00b24cab9b5c2abab905e3136c816253190a5e911a7c1092dcc19d9d,2026-09-06T22:56:25.042537+00:00,1785397863,NO_VERIFICABLE_HISTORICAMENTE,,,,2022,7,0,False
23140,PRODUCT,3456300014556,,2.290,,EUR,2022-06-18,401,5914,GDPR_REQUEST,France,Miribel,True,True,True,True,True,True,False,True,True,Fourrés Chocolat🍫,"Jardin Bio étic, jardin bio étic Léa Nature","[""en:snacks"", ""en:frozen-foods"", ""en:sweet-snacks"", ""en:biscuits-and-cakes"", ""en:biscuits-and-crackers"", ""en:biscuits"", ""en:filled-biscuits""]",d,3.0,28163a9aa69ae9dc57a947e50ab8cfa93c424eb067341d182af5a868ba9d1823,2026-09-06T22:58:37.175429+00:00,1788508142,NO_VERIFICABLE_HISTORICAMENTE,,,,2022,6,5,False
26093,PRODUCT,8719200265578,,4.600,,EUR,2024-05-14,342,6521,PRICE_TAG,United Kingdom,Hartlepool,True,True,True,True,True,True,False,True,True,Flora,Flora,"[""en:plant-based-foods-and-beverages"", ""en:plant-based-foods"", ""en:spreads"", ""en:fats"", ""en:plant-based-spreads"", ""en:salted-spreads"", ""en:vegetable-fats"", ""en:spreadable-fats"", ""en:margarines""]",d,4.0,520aff3fa700c59840ef713438cf96ff94a460835c93e43168e3db4c8b5fe974,2026-09-06T23:00:41.742163+00:00,1774538102,NO_VERIFICABLE_HISTORICAMENTE,,,,2024,5,1,False
28467,PRODUCT,8719200265578,,3.000,,EUR,2024-06-14,342,7377,PRICE_TAG,United Kingdom,Hartlepool,True,True,True,True,True,True,False,True,True,Flora,Flora,"[""en:plant-based-foods-and-beverages"", ""en:plant-based-foods"", ""en:spreads"", ""en:fats"", ""en:plant-based-spreads"", ""en:salted-spreads"", ""en:vegetable-fats"", ""en:spreadable-fats"", ""en:margarines""]",d,4.0,520aff3fa700c59840ef713438cf96ff94a460835c93e43168e3db4c8b5fe974,2026-09-06T23:00:41.742163+00:00,1774538102,NO_VERIFICABLE_HISTORICAMENTE,,,,2024,6,4,False
28521,PRODUCT,3038359004544,,1.100,,EUR,2024-06-01,57,7392,RECEIPT,France,Levallois-Perret,True,True,True,True,True,True,False,True,True,Sauce Tomate concentrée cuisinée aux petits légumes,"Panzani, panzani","[""en:plant-based-foods-and-beverages"", ""en:plant-based-foods"", ""en:fruits-and-vegetables-based-foods"", ""en:vegetable-based-foods-and-beverages"", ""en:condiments"", ""en:vegetables-based-foods"", ""en:tomatoes-and-their-products"", ""en:sauces"", ""en:tomato-sauces"", ""en:meal-kits""]",d,4.0,1525ef9c4b93a3b937a69eaec8f574478094d6ae7f1cef983e3d35932dc3445a,2026-09-06T22:56:35.694423+00:00,1787478069,NO_VERIFICABLE_HISTORICAMENTE,,,,2024,6,5,False
30555,PRODUCT,3560071264550,,1.650,,ADP,2024-07-24,715,7953,PRICE_TAG,France,Villabé,True,True,True,True,True,True,True,True,True,Infusion Gingembre Citron,"Carrefour BIO, Carrefour","[""en:beverages-and-beverages-preparations"", ""en:plant-based-foods-and-beverages"", ""en:beverages"", ""en:hot-beverages"", ""en:plant-based-beverages"", ""en:beverage-preparations"", ""en:herbal-teas""]",b,1.0,270682ecd33d1e580d2efd7ace247ca3319986fda2be8a41211e79187ac5d073,2026-09-06T22:58:42.396685+00:00,1774483032,NO_VERIFICABLE_HISTORICAMENTE,3e2ecd9e9d3022a086a6f6b31ecd3f2c62b9346ea619f7d8bc0b70301fce7a8f,PRICE_TAG,2,2024,7,2,True
31473,PRODUCT,4850002940974,,595.000,,AMD,2024-08-18,823,8257,RECEIPT,Հայաստան,Երևան,True,True,True,True,True,True,True,True,True,Ձվածեղ,,"[""en:eggs-and-their-products"", ""en:farming-products"", ""en:eggs"", ""en:chicken-eggs""]",unknown,1.0,062033c0fad973e7a275a9c41139ce22165e2111e2e3d1fb1f9bce682011046e,2026-09-06T22:59:49.616712+00:00,1723967480,NO_VERIFICABLE_HISTORICAMENTE,aef3d924df7e1db2a3ad4900c01e8ff6e967a0b9fb3c0ae43c0c7bab3842bcc1,RECEIPT,2,2024,8,6,True
32222,PRODUCT,8033976484743,,2.990,,EUR,2024-08-20,872,8428,RECEIPT,Italia,Mazara del Vallo,True,True,True,True,True,True,True,True,True,Bresaola,"Decò, F.lli Arena","[""en:meats-and-their-products"", ""en:beef-and-its-products"", ""en:meat-preparations"", ""en:meats"", ""en:prepared-meats"", ""en:beef"", ""en:beef-preparations"", ""en:dried-meats"", ""en:prepared-beef-meats"", ""en:bresaola""]",e,4.0,6eaaf4c6cc6995a83ef8a1ae669cb66891e3062d64cc31e86273100668253a16,2026-09-05T19:36:18.498253+00:00,1774915075,NO_VERIFICABLE_HISTORICAMENTE,6d933351a1c00e817292080a64cc84b789361676f2fd9193d437430135e323e7,RECEIPT,2,2024,8,1,True
33072,PRODUCT,3273220530375,,1.530,,EUR,2024-09-05,3,8702,PRICE_TAG,France,Grenoble,True,True,True,True,True,True,False,True,True,Yaourt nature 0%,Vrai,"[""en:dairies"", ""en:fermented-foods"", ""en:fermented-milk-products"", ""en:desserts"", ""en:dairy-desserts"", ""en:fermented-dairy-desserts"", ""en:yogurts"", ""en:plain-fermented-dairy-desserts"", ""en:low-fat-yogurts"", ""en:plain-yogurts""]",a,3.0,6ded435720592454a2d9667c61e7fdd74a5e134d1f4d2505a20e41f9f80fbf8d,2026-09-06T22:58:00.345507+00:00,1772012529,NO_VERIFICABLE_HISTORICAMENTE,,,,2024,9,3,False
33086,PRODUCT,3033491350795,,1.740,,EUR,2024-09-05,3,8702,PRICE_TAG,France,Grenoble,True,True,True,True,True,True,False,True,True,Activia bifidus saveur citron,Danone,"[""en:dairies"", ""en:fermented-foods"", ""en:fermented-milk-products"", ""en:desserts"", ""en:dairy-desserts"", ""en:fermented-dairy-desserts"", ""en:flavoured-fermented-dairy-desserts"", ""en:bifidus-yogurts"", ""en:flavoured-bifidus-yogurts""]",c,4.0,a42b5e3e00b24cab9b5c2abab905e3136c816253190a5e911a7c1092dcc19d9d,2026-09-06T22:56:25.042537+00:00,1785397863,NO_VERIFICABLE_HISTORICAMENTE,,,,2024,9,3,False
33757,PRODUCT,8033976484743,,2.990,,EUR,2024-08-29,872,8820,RECEIPT,Italia,Mazara del Vallo,True,True,True,True,True,True,False,True,True,Bresaola,"Decò, F.lli Arena","[""en:meats-and-their-products"", ""en:beef-and-its-products"", ""en:meat-preparations"", ""en:meats"", ""en:prepared-meats"", ""en:beef"", ""en:beef-preparations"", ""en:dried-meats"", ""en:prepared-beef-meats"", ""en:bresaola""]",e,4.0,6eaaf4c6cc6995a83ef8a1ae669cb66891e3062d64cc31e86273100668253a16,2026-09-05T19:36:18.498253+00:00,1774915075,NO_VERIFICABLE_HISTORICAMENTE,,,,2024,8,3,False
33765,PRODUCT,8033976484743,,2.990,,EUR,2024-09-03,872,8821,RECEIPT,Italia,Mazara del Vallo,True,True,True,True,True,True,False,True,True,Bresaola,"Decò, F.lli Arena","[""en:meats-and-their-products"", ""en:beef-and-its-products"", ""en:meat-preparations"", ""en:meats"", ""en:prepared-meats"", ""en:beef"", ""en:beef-preparations"", ""en:dried-meats"", ""en:prepared-beef-meats"", ""en:bresaola""]",e,4.0,6eaaf4c6cc6995a83ef8a1ae669cb66891e3062d64cc31e86273100668253a16,2026-09-05T19:36:18.498253+00:00,1774915075,NO_VERIFICABLE_HISTORICAMENTE,,,,2024,9,1,False
33783,PRODUCT,8007066010075,,1.390,,EUR,2024-09-10,872,8826,RECEIPT,Italia,Mazara del Vallo,True,True,True,True,True,True,True,True,True,Maccheroncelli n.7,Poiatti,"[""en:plant-based-foods-and-beverages"", ""en:plant-based-foods"", ""en:pastas"", ""en:dry-pastas""]",a,,fc78047fdfa64c5f71cea854c5f5824a578090689a27c25ddf458287787fa181,2026-09-06T23:00:31.394592+00:00,1776018842,NO_VERIFICABLE_HISTORICAMENTE,82a511fa80926d2ae84f72578f749306c1ce2f28370c3960d178533fc21a3085,RECEIPT,2,2024,9,1,True
33784,PRODUCT,8033976484743,,2.990,,EUR,2024-09-10,872,8826,RECEIPT,Italia,Mazara del Vallo,True,True,True,True,True,True,True,True,True,Bresaola,"Decò, F.lli Arena","[""en:meats-and-their-products"", ""en:beef-and-its-products"", ""en:meat-preparations"", ""en:meats"", ""en:prepared-meats"", ""en:beef"", ""en:beef-preparations"", ""en:dried-meats"", ""en:prepared-beef-meats"", ""en:bresaola""]",e,4.0,6eaaf4c6cc6995a83ef8a1ae669cb66891e3062d64cc31e86273100668253a16,2026-09-05T19:36:18.498253+00:00,1774915075,NO_VERIFICABLE_HISTORICAMENTE,82a511fa80926d2ae84f72578f749306c1ce2f28370c3960d178533fc21a3085,RECEIPT,2,2024,9,1,True
34186,PRODUCT,8033976484743,,2.990,,EUR,2024-09-16,872,8937,RECEIPT,Italia,Mazara del Vallo,True,True,True,True,True,True,False,True,True,Bresaola,"Decò, F.lli Arena","[""en:meats-and-their-products"", ""en:beef-and-its-products"", ""en:meat-preparations"", ""en:meats"", ""en:prepared-meats"", ""en:beef"", ""en:beef-preparations"", ""en:dried-meats"", ""en:prepared-beef-meats"", ""en:bresaola""]",e,4.0,6eaaf4c6cc6995a83ef8a1ae669cb66891e3062d64cc31e86273100668253a16,2026-09-05T19:36:18.498253+00:00,1774915075,NO_VERIFICABLE_HISTORICAMENTE,,,,2024,9,0,False
37628,PRODUCT,3038359004544,,1.040,,EUR,2024-09-25,57,10051,RECEIPT,France,Levallois-Perret,True,True,True,True,True,True,False,True,True,Sauce Tomate concentrée cuisinée aux petits légumes,"Panzani, panzani","[""en:plant-based-foods-and-beverages"", ""en:plant-based-foods"", ""en:fruits-and-vegetables-based-foods"", ""en:vegetable-based-foods-and-beverages"", ""en:condiments"", ""en:vegetables-based-foods"", ""en:tomatoes-and-their-products"", ""en:sauces"", ""en:tomato-sauces"", ""en:meal-kits""]",d,4.0,1525ef9c4b93a3b937a69eaec8f574478094d6ae7f1cef983e3d35932dc3445a,2026-09-06T22:56:35.694423+00:00,1787478069,NO_VERIFICABLE_HISTORICAMENTE,,,,2024,9,2,False
38855,PRODUCT,3045320517699,,2.650,,EUR,2024-10-05,1223,10964,PRICE_TAG,France,Paris,True,True,True,True,True,True,False,True,True,Crème caramel aux œufs frais,Bonne Maman,"[""en:dairies"", ""en:desserts"", ""en:dairy-desserts"", ""en:custard-puddings"", ""en:custard-puddings-with-caramel-sauce"", ""fr:desserts-lactes-aux-oeufs""]",d,3.0,aafd046f21607968a416dd3ed65c6f362f3319d9a03fce139c23db77bed4e9f1,2026-09-06T22:56:40.992922+00:00,1782919727,NO_VERIFICABLE_HISTORICAMENTE,,,,2024,10,5,False
39518,PRODUCT,3760020507916,,3.130,,EUR,2024-10-17,3,11392,RECEIPT,France,Grenoble,True,True,True,True,True,True,True,True,True,Gaufrettes chocolat,"Jardin Bio étic, Jardin biologique, Léa Nature","[""en:snacks"", ""en:desserts"", ""en:sweet-snacks"", ""en:biscuits-and-cakes"", ""en:biscuits-and-crackers"", ""en:biscuits"", ""en:wafers"", ""en:chocolate-biscuits"", ""en:stuffed-wafers"", ""en:chocolate-stuffed-wafers""]",e,3.0,d9cea108ffaf5dd04b2e00df5ad1901015599cd34b55021ed1fc14aee7cff222,2026-09-05T19:36:23.581606+00:00,1773441594,NO_VERIFICABLE_HISTORICAMENTE,33253cf53cc35ffa21385cbbab1415b471818b46ce89276cb2b059ac864aa27f,RECEIPT,2,2024,10,3,True
39552,PRODUCT,4061464487482,,2.190,,EUR,2024-10-01,468,11402,PRICE_TAG,Deutschland,,True,True,True,True,True,True,False,True,True,Nussknacker / Nussbeisser XXL,"Aldi, Choceur, Hofer Schokoladefabrik","[""en:snacks"", ""en:sweet-snacks"", ""en:cocoa-and-its-products"", ""en:chocolates"", ""en:milk-chocolates"", ""en:chocolates-with-hazelnuts""]",e,4.0,a1723f3efe4248aaca50726c77ab9f516290e57ac2805d8457975849cf5dd788,2026-09-05T19:37:23.984365+00:00,1782759793,NO_VERIFICABLE_HISTORICAMENTE,,,,2024,10,1,False
39573,PRODUCT,3500390010247,,19.950,,EUR,2024-10-18,11,11420,PRICE_TAG,France,Grenoble,True,True,True,True,True,True,True,True,True,Ravioles du Dauphiné,Maison Rambert,"[""en:meals"", ""en:pasta-dishes"", ""en:stuffed-pastas"", ""fr:ravioles""]",d,4.0,b8c4d0dc28df773eacb84b3b8e73410830a3f89b708e550e0ef3c9a9a4294f8f,2026-09-05T19:36:13.571074+00:00,1788534815,NO_VERIFICABLE_HISTORICAMENTE,9214c76d6508806df1b4f59001a4b87fabb2c58589916a3c0bfacb901356483c,PRICE_TAG,2,2024,10,4,True
39574,PRODUCT,3266140053581,,21.480,,EUR,2024-10-18,11,11420,PRICE_TAG,France,Grenoble,True,True,True,True,True,True,True,True,True,Ravioles du Dauphiné LABEL ROUGE IGP surgelées sachet,Saint jean,"[""en:plant-based-foods-and-beverages"", ""en:plant-based-foods"", ""en:cereals-and-potatoes"", ""en:frozen-foods"", ""en:cereals-and-their-products"", ""en:meals"", ""en:pasta-dishes"", ""en:pastas"", ""en:pastas-and-dumplings"", ""en:combination-meals"", ""en:stuffed-pastas"", ""en:frozen-ready-made-meals"", ""fr:ravioles"", ""en:pasta-stuffed-with-cheese"", ""en:ravioles-du-dauphine"", ""fr:Produits Label Rouge"", ""fr:Produits labellisés""]",d,3.0,268db8cef48b91af093cc67326b7e1bf962d7ddb25b169dcb6d730d6c8618796,2026-09-06T22:57:49.808962+00:00,1774331912,NO_VERIFICABLE_HISTORICAMENTE,9214c76d6508806df1b4f59001a4b87fabb2c58589916a3c0bfacb901356483c,PRICE_TAG,2,2024,10,4,True
39610,PRODUCT,3280220908073,,1.480,,EUR,2024-10-19,1263,11436,PRICE_TAG,France,Aulnay,True,True,True,True,True,True,True,True,True,Ma petite salade Mâche,Florette,"[""en:plant-based-foods-and-beverages"", ""en:plant-based-foods"", ""en:fruits-and-vegetables-based-foods"", ""en:vegetable-based-foods-and-beverages"", ""en:vegetables-based-foods"", ""en:fresh-foods"", ""en:vegetables"", ""en:fresh-plant-based-foods"", ""en:leaf-vegetables"", ""en:fresh-vegetables"", ""en:corn-salad""]",a,1.0,97f68419ca95f141618ee9c358e714ca9267fd617f335a4e669723e0c85ceb00,2026-09-05T19:36:43.666144+00:00,1773858771,NO_VERIFICABLE_HISTORICAMENTE,e5dcac6929cd06364b3acadc0a350628db195a477e6bb63dacbec08289744b48,PRICE_TAG,2,2024,10,5,True
39622,PRODUCT,3770014111777,,2.040,,EUR,2024-10-19,1263,11448,PRICE_TAG,France,Aulnay,True,True,True,True,True,True,True,True,True,Farine de blé T65 Transition - conversion biologique,Transition,"[""en:plant-based-foods-and-beverages"", ""en:plant-based-foods"", ""en:cereals-and-potatoes"", ""en:cereals-and-their-products"", ""en:flours"", ""en:cereal-flours"", ""en:wheat-flours"", ""en:common-wheat-flours"", ""en:wheat-flour-type-65""]",a,1.0,32a912a44d6e223dfafb23196f02904fbe8ebf3ba34e10c30d44d9fe35794117,2026-09-05T19:36:33.752576+00:00,1774512441,NO_VERIFICABLE_HISTORICAMENTE,0e5d1767107219d4bfd2fd48fea08198058b5470e536b811c3b152e91ad6eeb2,PRICE_TAG,2,2024,10,5,True
39624,PRODUCT,3250392404499,,2.090,,EUR,2024-10-19,1263,11450,PRICE_TAG,France,Aulnay,True,True,True,True,True,True,True,True,True,Emmental lp rape tsr 150g,Pâturages,"[""en:dairies"", ""en:fermented-foods"", ""en:fermented-milk-products"", ""en:cheeses"", ""en:cow-cheeses"", ""en:hard-cheeses"", ""en:emmentaler"", ""en:french-cheeses"", ""en:french-emmentaler"", ""en:grated-cheese"", ""en:grated-emmentaler""]",c,3.0,00d42f16781b7da919efea3ca74251a555a48ed4f339cdfc927f50840c6234a7,2026-09-05T19:36:53.722895+00:00,1780533487,NO_VERIFICABLE_HISTORICAMENTE,670b620762f9e5dfeace0d1b2010b18fdb8492c8322b01842e22339d059c7cba,PRICE_TAG,2,2024,10,5,True
39625,PRODUCT,3220035229611,,2.770,,EUR,2024-10-19,1263,11451,PRICE_TAG,France,Aulnay,True,True,True,True,True,True,True,True,True,Cassonade,"Saint louis, Saint-Louis","[""en:sweeteners"", ""en:sugars"", ""en:brown-sugars"", ""en:cane-sugars"", ""fr:cassonades""]",e,2.0,2d886b3652dcce1dc85336eb81d739ae10e498acf96c7600c57c78eb69bcf61f,2026-09-05T19:36:28.786097+00:00,1787997987,NO_VERIFICABLE_HISTORICAMENTE,0ba0bed3ba889c264732fa931cfb1f12e33ec8a7452a98ce8a8b6bf16e69958b,PRICE_TAG,2,2024,10,5,True
39626,PRODUCT,3250392335137,,2.070,,EUR,2024-10-19,1263,11452,PRICE_TAG,France,Aulnay,True,True,True,True,True,True,True,True,True,Fromage Frais de Brebis 400g,Paturages,"[""en:dairies"", ""en:fermented-foods"", ""en:fermented-milk-products"", ""en:cheeses"", ""en:desserts"", ""en:dairy-desserts"", ""en:fermented-dairy-desserts"", ""en:fromages-blancs-petit-suisses-and-skyr"", ""en:yogurts"", ""en:plain-fermented-dairy-desserts"", ""en:sheep-milk-yogurts"", ""fr:fromages-blancs"", ""en:cream-cheeses"", ""fr:fromages-blancs-au-lait-de-brebis"", ""fr:fromages-blancs-natures"", ""fr:Fromages frais nature non sucres gourmands""]",c,3.0,474788863f569cdbd0815735a64b51ea4b043be12d00555ec96c2aff8fe00533,2026-09-05T19:36:38.710955+00:00,1780452300,NO_VERIFICABLE_HISTORICAMENTE,61fbf5a8a82327c5812efbb74d9daf4a284bd796ec6a5a023e9cafccab176b0d,PRICE_TAG,2,2024,10,5,True
39627,PRODUCT,3250391980253,,1.790,,EUR,2024-10-19,1263,11453,PRICE_TAG,France,Aulnay,True,True,True,True,True,True,True,True,True,Sucralose 300 comprimes,Regain,"[""en:sweeteners"", ""en:food-additives"", ""en:sugar-substitutes"", ""en:artificial-sugar-substitutes"", ""en:sucralose"", ""en:tabletop-sweeteners"", ""fr:Autres produits""]",not-applicable,4.0,89bc1f82d0fb5c0176e88354cc2acd19a53c87a3289fd1bb1d9c9b4195de8cb4,2026-09-05T19:36:58.641522+00:00,1780451715,NO_VERIFICABLE_HISTORICAMENTE,e849020d95781e7429e9ac4abf87b3a69391a570bc93b1482c23c539d6293409,PRICE_TAG,2,2024,10,5,True
39630,PRODUCT,3033491451652,,2.440,,EUR,2024-10-19,1263,11456,PRICE_TAG,France,Aulnay,True,True,True,True,True,True,False,True,True,"Le petit suisse gervais nature 9,5 % 60 g x 12",GERVAIS,"[""en:dairies"", ""en:fermented-foods"", ""en:fermented-milk-products"", ""en:desserts"", ""en:dairy-desserts"", ""en:fermented-dairy-desserts"", ""en:fromages-blancs-petit-suisses-and-skyr"", ""en:petits-suisses"", ""en:plain-fermented-dairy-desserts"", ""en:plain-petit-suisse"", ""fr:fromages-blancs""]",c,1.0,4f4f349aabb1015eafbf3f0f76a06dc782c3b0cb841cf9095ed4cf9c1f2e1ec0,2026-09-05T19:37:13.847004+00:00,1788543018,NO_VERIFICABLE_HISTORICAMENTE,,,,2024,10,5,False
39632,PRODUCT,3412290023909,,1.880,,EUR,2024-10-19,1263,11458,PRICE_TAG,France,Aulnay,True,True,True,True,True,True,False,True,True,Paysan Breton - L'Emmental Français Râpé,Paysan Breton,"[""en:dairies"", ""en:fermented-foods"", ""en:fermented-milk-products"", ""en:cheeses"", ""en:cow-cheeses"", ""en:hard-cheeses"", ""en:emmentaler"", ""en:french-cheeses"", ""en:french-emmentaler"", ""en:grated-cheese"", ""en:grated-emmentaler""]",c,3.0,5be80ad8e7d2bced097cf2d67f047b42504ca05afb54346eda40e5496110d8e3,2026-09-05T19:37:03.716173+00:00,1773777515,NO_VERIFICABLE_HISTORICAMENTE,,,,2024,10,5,False
39633,PRODUCT,3250390523970,,1.090,,EUR,2024-10-19,1263,11459,PRICE_TAG,France,Aulnay,True,True,True,True,True,True,True,True,True,Mâche,Saint Eloi,"[""en:plant-based-foods-and-beverages"", ""en:plant-based-foods"", ""en:fruits-and-vegetables-based-foods"", ""en:vegetable-based-foods-and-beverages"", ""en:vegetables-based-foods"", ""en:vegetables"", ""en:leaf-vegetables"", ""en:corn-salad""]",a,1.0,974c79f188174fc78eed4fe6939231a0865b3918a7a59bd68d73b9bbe9b3887f,2026-09-05T19:36:48.578165+00:00,1773900868,NO_VERIFICABLE_HISTORICAMENTE,503a36a33e5aaaaa3ec497bfc04b6a0223be83c8fbeb012cf035c7237f246ffe,PRICE_TAG,2,2024,10,5,True
39634,PRODUCT,3023260027607,,4.430,,EUR,2024-10-19,1263,11460,PRICE_TAG,France,Aulnay,True,True,True,True,True,True,True,True,True,La tomme de brebis,Lou Pérac,"[""en:dairies"", ""en:fermented-foods"", ""en:fermented-milk-products"", ""en:cheeses"", ""en:mountain-products"", ""en:french-cheeses"", ""en:mountain-cheeses"", ""en:sheep-s-milk-cheeses"", ""en:tomme-cheese-from-cow-s-milk"", ""fr:tomme-de-brebis""]",d,4.0,3eac23547f8e3047f8416fa80c7936a359b0788079a3551c2fbc7c308e4f9a07,2026-09-05T19:37:18.901022+00:00,1781156159,NO_VERIFICABLE_HISTORICAMENTE,5fd38140959b98caa5425a99bb3c57bf795c07968b0a778ae6a01376719ca899,PRICE_TAG,2,2024,10,5,True
39636,PRODUCT,0290054000006,,9.900,,EUR,2024-10-19,1263,11462,PRICE_TAG,France,Aulnay,True,True,True,True,True,True,True,True,True,Ground Pork,Whole Foods Market,,unknown,,db5b35e819a099b822960ad463bf2ed980ae35aa55aece015834db67356a0d84,2026-09-05T19:37:33.632731+00:00,1726432513,NO_VERIFICABLE_HISTORICAMENTE,919096275d7ecd18516cd98aa27d09c4b427f44fa04789bfb7cd769e1310f4a5,PRICE_TAG,2,2024,10,5,True
39637,PRODUCT,3123930711758,,3.600,,EUR,2024-10-19,1263,11463,PRICE_TAG,France,Aulnay,True,True,True,True,True,True,True,True,True,L'Emmental Français Extra fin,EntreMont,"[""en:dairies"", ""en:fermented-foods"", ""en:fermented-milk-products"", ""en:cheeses"", ""en:cow-cheeses"", ""en:hard-cheeses"", ""en:emmentaler"", ""en:french-cheeses"", ""en:french-emmentaler"", ""en:grated-cheese"", ""en:grated-emmentaler""]",c,3.0,6e5801a73a0beaf7124302ab324b558e0d22794a5ad8e97b5d3c4c48ef89ff5f,2026-09-05T19:36:08.642901+00:00,1786571438,NO_VERIFICABLE_HISTORICAMENTE,5f28f72e4ea8a214f252061dbf9f4dfbf6dac4970313ab09df8e54c67610d2c7,PRICE_TAG,2,2024,10,5,True
39638,PRODUCT,3220035570003,,3.160,,EUR,2024-10-19,1263,11464,PRICE_TAG,France,Aulnay,True,True,True,True,True,True,True,True,True,Sachet Sucre Cristal blanc de Betterave Bio 1kg,"SAINT-LOUIS, Saint louis","[""en:sweeteners""]",e,3.0,fe0d85b923ed8cc5ab0b4b170fb967f64a6c15175eec3023d52e0fe1559a1b2b,2026-09-05T19:37:08.775117+00:00,1780999612,NO_VERIFICABLE_HISTORICAMENTE,d265578c121ceb1b7790fb2025f00862afd1856112fb8a81e83931d78483bb71,PRICE_TAG,2,2024,10,5,True
39692,PRODUCT,3250390523970,,1.090,,EUR,2024-10-19,1263,11518,PRICE_TAG,France,Aulnay,True,True,True,True,True,True,False,True,True,Mâche,Saint Eloi,"[""en:plant-based-foods-and-beverages"", ""en:plant-based-foods"", ""en:fruits-and-vegetables-based-foods"", ""en:vegetable-based-foods-and-beverages"", ""en:vegetables-based-foods"", ""en:vegetables"", ""en:leaf-vegetables"", ""en:corn-salad""]",a,1.0,974c79f188174fc78eed4fe6939231a0865b3918a7a59bd68d73b9bbe9b3887f,2026-09-05T19:36:48.578165+00:00,1773900868,NO_VERIFICABLE_HISTORICAMENTE,,,,2024,10,5,False
39724,PRODUCT,3240931548135,,3.220,,EUR,2024-10-19,1174,11543,RECEIPT,France,Noisy-le-Grand,True,True,True,True,True,True,False,True,True,Lustucru gnocchi a poêler format xxl 720g,"Lustucru, Lustucru selection","[""en:plant-based-foods-and-beverages"", ""en:plant-based-foods"", ""en:cereals-and-potatoes"", ""en:frozen-foods"", ""en:cereals-and-their-products"", ""en:potatoes-and-their-products"", ""en:pastas"", ""en:cereal-pastas"", ""en:fresh-pasta"", ""en:gnocchi"", ""en:gnocchi-of-durum-wheat-semolina"", ""en:potato-gnocchi""]",c,3.0,b04956fb72164d0aa169caa42e9bfdbb13617cfbe2044d789ec498de0fa4d998,2026-09-06T22:57:12.552522+00:00,1788452995,NO_VERIFICABLE_HISTORICAMENTE,,,,2024,10,5,False
39752,PRODUCT,3456300014556,,2.890,,EUR,2024-10-19,256,11555,RECEIPT,France,Meylan,True,True,True,True,True,True,False,True,True,Fourrés Chocolat🍫,"Jardin Bio étic, jardin bio étic Léa Nature","[""en:snacks"", ""en:frozen-foods"", ""en:sweet-snacks"", ""en:biscuits-and-cakes"", ""en:biscuits-and-crackers"", ""en:biscuits"", ""en:filled-biscuits""]",d,3.0,28163a9aa69ae9dc57a947e50ab8cfa93c424eb067341d182af5a868ba9d1823,2026-09-06T22:58:37.175429+00:00,1788508142,NO_VERIFICABLE_HISTORICAMENTE,,,,2024,10,5,False
39753,PRODUCT,3760020507916,,2.990,,EUR,2024-10-19,256,11555,RECEIPT,France,Meylan,True,True,True,True,True,True,False,True,True,Gaufrettes chocolat,"Jardin Bio étic, Jardin biologique, Léa Nature","[""en:snacks"", ""en:desserts"", ""en:sweet-snacks"", ""en:biscuits-and-cakes"", ""en:biscuits-and-crackers"", ""en:biscuits"", ""en:wafers"", ""en:chocolate-biscuits"", ""en:stuffed-wafers"", ""en:chocolate-stuffed-wafers""]",e,3.0,d9cea108ffaf5dd04b2e00df5ad1901015599cd34b55021ed1fc14aee7cff222,2026-09-05T19:36:23.581606+00:00,1773441594,NO_VERIFICABLE_HISTORICAMENTE,,,,2024,10,5,False
40987,PRODUCT,3297760097969,,1.950,,EUR,2023-08-25,1304,11776,GDPR_REQUEST,France,Rennes,True,True,True,True,True,True,False,True,True,Pomme Banane Vanille,Charles & Alice,"[""en:plant-based-foods-and-beverages"", ""en:plant-based-foods"", ""en:fruit-based-foods-and-beverages"", ""en:fruits-and-vegetables-based-foods"", ""en:desserts"", ""en:fruit-based-foods"", ""en:compotes"", ""en:apple-compotes"", ""en:banana-apple-compotes""]",a,4.0,4ca81216211f1bcee72fbec12aa048f20f553391238401e6a12b791653d2924c,2026-09-06T22:58:05.692892+00:00,1784102702,NO_VERIFICABLE_HISTORICAMENTE,,,,2023,8,4,False
41843,PRODUCT,3500390010247,,17.580,,EUR,2024-10-26,1,11974,RECEIPT,France,Grenoble,True,True,True,True,True,True,False,True,True,Ravioles du Dauphiné,Maison Rambert,"[""en:meals"", ""en:pasta-dishes"", ""en:stuffed-pastas"", ""fr:ravioles""]",d,4.0,b8c4d0dc28df773eacb84b3b8e73410830a3f89b708e550e0ef3c9a9a4294f8f,2026-09-05T19:36:13.571074+00:00,1788534815,NO_VERIFICABLE_HISTORICAMENTE,,,,2024,10,5,False
42628,PRODUCT,3273220530375,,1.380,,EUR,2024-10-28,40,12176,RECEIPT,France,Paris,True,True,True,True,True,True,True,True,True,Yaourt nature 0%,Vrai,"[""en:dairies"", ""en:fermented-foods"", ""en:fermented-milk-products"", ""en:desserts"", ""en:dairy-desserts"", ""en:fermented-dairy-desserts"", ""en:yogurts"", ""en:plain-fermented-dairy-desserts"", ""en:low-fat-yogurts"", ""en:plain-yogurts""]",a,3.0,6ded435720592454a2d9667c61e7fdd74a5e134d1f4d2505a20e41f9f80fbf8d,2026-09-06T22:58:00.345507+00:00,1772012529,NO_VERIFICABLE_HISTORICAMENTE,0348b89a3735c597bc339ed3fbdb491f81af48d53a56cc7b2adbbb2a2205a929,RECEIPT,2,2024,10,0,True
42629,PRODUCT,3560070283484,,1.250,,EUR,2024-10-28,40,12176,RECEIPT,France,Paris,True,True,True,True,True,True,True,True,True,Épinards,Carrefour,"[""en:plant-based-foods-and-beverages"", ""en:plant-based-foods"", ""en:fruits-and-vegetables-based-foods"", ""en:vegetable-based-foods-and-beverages"", ""en:canned-foods"", ""en:vegetables-based-foods"", ""en:canned-plant-based-foods"", ""en:vegetables"", ""en:canned-vegetables"", ""en:leaf-vegetables"", ""en:spinachs"", ""en:canned-spinachs""]",a,3.0,24fd7006bec7ae662e98251226eb42439e6c7802223600ca61ccf96263d702be,2026-09-05T19:35:58.464842+00:00,1773439699,NO_VERIFICABLE_HISTORICAMENTE,0348b89a3735c597bc339ed3fbdb491f81af48d53a56cc7b2adbbb2a2205a929,RECEIPT,2,2024,10,0,True
42630,PRODUCT,3560070206469,,1.990,,EUR,2024-10-28,40,12176,RECEIPT,France,Paris,True,True,True,True,True,True,True,True,True,Champignons de Paris,Carrefour,"[""en:plant-based-foods-and-beverages"", ""en:plant-based-foods"", ""en:fruits-and-vegetables-based-foods"", ""en:vegetable-based-foods-and-beverages"", ""en:canned-foods"", ""en:vegetables-based-foods"", ""en:canned-plant-based-foods"", ""en:mushrooms-and-their-products"", ""en:mushrooms"", ""en:canned-mushrooms"", ""en:champignon-mushrooms"", ""en:canned-champignon-mushrooms"", ""en:canned-sliced-champignon-mushrooms""]",a,3.0,106436df1ad8f8c78b20c27234f836affc256b833f79b363d0f5e26f12ddbc12,2026-09-05T19:36:03.576421+00:00,1788512835,NO_VERIFICABLE_HISTORICAMENTE,0348b89a3735c597bc339ed3fbdb491f81af48d53a56cc7b2adbbb2a2205a929,RECEIPT,2,2024,10,0,True
43311,PRODUCT,3760297370206,,2.300,,EUR,2024-11-01,888,12358,RECEIPT,France,Paris,True,True,True,True,True,True,False,True,True,Onigiri saumon fromage frais,igiri,"[""en:snacks"", ""en:salty-snacks"", ""en:meals"", ""en:sushi-and-maki"", ""en:sushis"", ""en:onigiri"", ""fr:En-cas-japonais""]",unknown,4.0,c4a8a73fa17261e7abaeb5ae79bfb2c1aa5dda9923620f65a19a7ddca62ca750,2026-09-06T22:59:13.414631+00:00,1774537457,NO_VERIFICABLE_HISTORICAMENTE,,,,2024,11,4,False
44271,PRODUCT,3770018078151,,3.590,,EUR,2024-11-06,1429,13023,RECEIPT,France,Villeurbanne,True,True,True,True,True,True,False,True,True,Bacon Vegetal Fumé,LA VIE,"[""en:meat-alternatives"", ""en:meat-analogues"", ""en:meat-analogues-from-soy-or-wheat-proteins"", ""en:bacon-substitutes"", ""en:meat-analogues-from-pea-proteins""]",d,4.0,d3b2de87961cdb4eaa4161956fe1fcc83469f0fe7c6ee05e5f930f9de9c32413,2026-09-06T22:59:23.891534+00:00,1782220495,NO_VERIFICABLE_HISTORICAMENTE,,,,2024,11,2,False
44766,PRODUCT,3297760097969,,2.150,,EUR,2024-11-11,3,13257,PRICE_TAG,France,Grenoble,True,True,True,True,True,True,False,True,True,Pomme Banane Vanille,Charles & Alice,"[""en:plant-based-foods-and-beverages"", ""en:plant-based-foods"", ""en:fruit-based-foods-and-beverages"", ""en:fruits-and-vegetables-based-foods"", ""en:desserts"", ""en:fruit-based-foods"", ""en:compotes"", ""en:apple-compotes"", ""en:banana-apple-compotes""]",a,4.0,4ca81216211f1bcee72fbec12aa048f20f553391238401e6a12b791653d2924c,2026-09-06T22:58:05.692892+00:00,1784102702,NO_VERIFICABLE_HISTORICAMENTE,,,,2024,11,0,False
45351,PRODUCT,8023678730606,,3.400,,EUR,2024-11-15,1481,13415,PRICE_TAG,France,Villeurbanne,True,True,True,True,True,True,True,True,True,3 Noix,Isola Bio,"[""en:beverages-and-beverages-preparations"", ""en:plant-based-foods-and-beverages"", ""en:beverages"", ""en:plant-based-foods"", ""en:dairy-substitutes"", ""en:frozen-foods"", ""en:milk-substitutes"", ""en:nuts-and-their-products"", ""en:plant-based-beverages"", ""en:plant-based-milk-alternatives"", ""en:nut-based-drinks""]",d,4.0,15b74364b490cf3d544d25263d3e844298f559beb9609bf0705a5f0524eedea1,2026-09-06T23:00:36.574979+00:00,1778747871,NO_VERIFICABLE_HISTORICAMENTE,12c3e5805fd7dcc6e22437567c42e106462c3b6083bdfb3172fecaee591a81a3,PRICE_TAG,2,2024,11,4,True
45956,PRODUCT,8000500391228,,3.390,,EUR,2024-11-17,1350,13546,PRICE_TAG,France,Rennes,True,True,True,True,True,True,False,True,True,Kinder Kinderini,Kinder,"[""en:snacks"", ""en:sweet-snacks"", ""en:biscuits-and-cakes"", ""en:biscuits-and-crackers"", ""en:biscuits"", ""en:pastries""]",e,4.0,541523ed87af4efb3ec302fab0b84715f2fe033aae8dbbdead2475d86083edb2,2026-09-06T23:00:21.039136+00:00,1788334947,NO_VERIFICABLE_HISTORICAMENTE,,,,2024,11,6,False
46112,PRODUCT,8033976484743,,2.990,,EUR,2024-09-28,872,13603,RECEIPT,Italia,Mazara del Vallo,True,True,True,True,True,True,False,True,True,Bresaola,"Decò, F.lli Arena","[""en:meats-and-their-products"", ""en:beef-and-its-products"", ""en:meat-preparations"", ""en:meats"", ""en:prepared-meats"", ""en:beef"", ""en:beef-preparations"", ""en:dried-meats"", ""en:prepared-beef-meats"", ""en:bresaola""]",e,4.0,6eaaf4c6cc6995a83ef8a1ae669cb66891e3062d64cc31e86273100668253a16,2026-09-05T19:36:18.498253+00:00,1774915075,NO_VERIFICABLE_HISTORICAMENTE,,,,2024,9,5,False
49129,PRODUCT,3456300014556,,2.810,,EUR,2024-11-23,1542,13728,PRICE_TAG,France,Grenoble,True,True,True,True,True,True,False,True,True,Fourrés Chocolat🍫,"Jardin Bio étic, jardin bio étic Léa Nature","[""en:snacks"", ""en:frozen-foods"", ""en:sweet-snacks"", ""en:biscuits-and-cakes"", ""en:biscuits-and-crackers"", ""en:biscuits"", ""en:filled-biscuits""]",d,3.0,28163a9aa69ae9dc57a947e50ab8cfa93c424eb067341d182af5a868ba9d1823,2026-09-06T22:58:37.175429+00:00,1788508142,NO_VERIFICABLE_HISTORICAMENTE,,,,2024,11,5,False
52638,PRODUCT,3242272981053,,3.320,,EUR,2024-11-26,1057,13881,PRICE_TAG,France,Lyon,True,True,True,True,True,True,False,True,True,Sandwich le méga jambon cheddar x3,Sodebo,"[""en:sandwiches"", ""en:sandwiches-filled-with-cold-cuts"", ""en:cheese-sandwiches"", ""en:ham-sandwiches"", ""en:cheddar-sandwiches"", ""en:ham-and-cheese-sandwiches"", ""fr:sandwichs-polaires""]",d,4.0,fcc59ea98d64c203ad1d9e0958086b8c4d79741d9fe17bbae4d0b561a39c5f92,2026-09-06T22:57:17.880756+00:00,1786620558,NO_VERIFICABLE_HISTORICAMENTE,,,,2024,11,1,False
53006,PRODUCT,8000500391228,,4.590,,EUR,2024-11-29,1581,14017,PRICE_TAG,Italia,Salbertrand,True,True,True,True,True,True,False,True,True,Kinder Kinderini,Kinder,"[""en:snacks"", ""en:sweet-snacks"", ""en:biscuits-and-cakes"", ""en:biscuits-and-crackers"", ""en:biscuits"", ""en:pastries""]",e,4.0,541523ed87af4efb3ec302fab0b84715f2fe033aae8dbbdead2475d86083edb2,2026-09-06T23:00:21.039136+00:00,1788334947,NO_VERIFICABLE_HISTORICAMENTE,,,,2024,11,4,False
53008,PRODUCT,8000500391228,,3.990,,EUR,2024-11-29,1581,14018,PRICE_TAG,Italia,Salbertrand,True,True,True,True,True,True,False,True,True,Kinder Kinderini,Kinder,"[""en:snacks"", ""en:sweet-snacks"", ""en:biscuits-and-cakes"", ""en:biscuits-and-crackers"", ""en:biscuits"", ""en:pastries""]",e,4.0,541523ed87af4efb3ec302fab0b84715f2fe033aae8dbbdead2475d86083edb2,2026-09-06T23:00:21.039136+00:00,1788334947,NO_VERIFICABLE_HISTORICAMENTE,,,,2024,11,4,False
53216,PRODUCT,8000500391228,,3.390,,EUR,2024-11-29,1585,14059,PRICE_TAG,Italia,Torino,True,True,True,True,True,True,False,True,True,Kinder Kinderini,Kinder,"[""en:snacks"", ""en:sweet-snacks"", ""en:biscuits-and-cakes"", ""en:biscuits-and-crackers"", ""en:biscuits"", ""en:pastries""]",e,4.0,541523ed87af4efb3ec302fab0b84715f2fe033aae8dbbdead2475d86083edb2,2026-09-06T23:00:21.039136+00:00,1788334947,NO_VERIFICABLE_HISTORICAMENTE,,,,2024,11,4,False
54677,PRODUCT,3019089042228,,2.560,,EUR,2024-12-04,1185,14496,PRICE_TAG,France,Lyon,True,True,True,True,True,True,False,True,True,Rilettes de thon,Petit Navire,"[""en:seafood"", ""en:fishes-and-their-products"", ""en:fishes"", ""en:spreads"", ""en:fatty-fishes"", ""en:salted-spreads"", ""en:rillettes"", ""en:tunas"", ""en:fish-preparations"", ""en:fish-rillettes"", ""en:tuna-preparations"", ""en:tuna-rillettes""]",b,4.0,93fb7c44d4b195f9d413ab31e4a27740bd30a9145da7f06004d0449b96b9eadc,2026-09-06T22:56:14.270975+00:00,1774494952,NO_VERIFICABLE_HISTORICAMENTE,,,,2024,12,2,False
55098,PRODUCT,3560070206469,,1.990,,EUR,2024-12-08,40,14689,RECEIPT,France,Paris,True,True,True,True,True,True,False,True,True,Champignons de Paris,Carrefour,"[""en:plant-based-foods-and-beverages"", ""en:plant-based-foods"", ""en:fruits-and-vegetables-based-foods"", ""en:vegetable-based-foods-and-beverages"", ""en:canned-foods"", ""en:vegetables-based-foods"", ""en:canned-plant-based-foods"", ""en:mushrooms-and-their-products"", ""en:mushrooms"", ""en:canned-mushrooms"", ""en:champignon-mushrooms"", ""en:canned-champignon-mushrooms"", ""en:canned-sliced-champignon-mushrooms""]",a,3.0,106436df1ad8f8c78b20c27234f836affc256b833f79b363d0f5e26f12ddbc12,2026-09-05T19:36:03.576421+00:00,1788512835,NO_VERIFICABLE_HISTORICAMENTE,,,,2024,12,6,False
55100,PRODUCT,3560070283484,,1.250,,EUR,2024-12-08,40,14689,RECEIPT,France,Paris,True,True,True,True,True,True,False,True,True,Épinards,Carrefour,"[""en:plant-based-foods-and-beverages"", ""en:plant-based-foods"", ""en:fruits-and-vegetables-based-foods"", ""en:vegetable-based-foods-and-beverages"", ""en:canned-foods"", ""en:vegetables-based-foods"", ""en:canned-plant-based-foods"", ""en:vegetables"", ""en:canned-vegetables"", ""en:leaf-vegetables"", ""en:spinachs"", ""en:canned-spinachs""]",a,3.0,24fd7006bec7ae662e98251226eb42439e6c7802223600ca61ccf96263d702be,2026-09-05T19:35:58.464842+00:00,1773439699,NO_VERIFICABLE_HISTORICAMENTE,,,,2024,12,6,False
57317,PRODUCT,3423182102411,,4.150,,EUR,2024-12-08,1,14728,SHOP_IMPORT,France,Grenoble,True,True,True,True,True,True,False,True,True,pur jus pomme framboise bio,Thomas Le Prince,"[""en:beverages-and-beverages-preparations"", ""en:plant-based-foods-and-beverages"", ""en:beverages"", ""en:fruit-based-foods-and-beverages"", ""en:plant-based-beverages"", ""en:fruit-based-beverages"", ""en:juices-and-nectars"", ""en:fruit-juices"", ""en:multifruit-juices""]",d,1.0,d0db609e5c045e822adffddf1c76db2d871627f5ea815751fcd0216e91ad4014,2026-09-06T22:58:21.457654+00:00,1773781785,NO_VERIFICABLE_HISTORICAMENTE,,,,2024,12,6,False
57452,PRODUCT,3500390010247,,17.580,,EUR,2024-12-08,1,14728,SHOP_IMPORT,France,Grenoble,True,True,True,True,True,True,False,True,True,Ravioles du Dauphiné,Maison Rambert,"[""en:meals"", ""en:pasta-dishes"", ""en:stuffed-pastas"", ""fr:ravioles""]",d,4.0,b8c4d0dc28df773eacb84b3b8e73410830a3f89b708e550e0ef3c9a9a4294f8f,2026-09-05T19:36:13.571074+00:00,1788534815,NO_VERIFICABLE_HISTORICAMENTE,,,,2024,12,6,False
57699,PRODUCT,3760020507916,,3.100,,EUR,2024-12-08,1,14728,SHOP_IMPORT,France,Grenoble,True,True,True,True,True,True,False,True,True,Gaufrettes chocolat,"Jardin Bio étic, Jardin biologique, Léa Nature","[""en:snacks"", ""en:desserts"", ""en:sweet-snacks"", ""en:biscuits-and-cakes"", ""en:biscuits-and-crackers"", ""en:biscuits"", ""en:wafers"", ""en:chocolate-biscuits"", ""en:stuffed-wafers"", ""en:chocolate-stuffed-wafers""]",e,3.0,d9cea108ffaf5dd04b2e00df5ad1901015599cd34b55021ed1fc14aee7cff222,2026-09-05T19:36:23.581606+00:00,1773441594,NO_VERIFICABLE_HISTORICAMENTE,,,,2024,12,6,False
59194,PRODUCT,5000112611878,,1.990,,EUR,2024-12-14,1701,15108,PRICE_TAG,France,Lyon,True,True,True,True,True,True,False,True,True,coca cola zero,Cocacola,"[""en:beverages-and-beverages-preparations"", ""en:beverages"", ""en:non-alcoholic-beverages"", ""en:carbonated-drinks"", ""en:soft-drinks"", ""en:artificially-sweetened-beverages"", ""en:sodas"", ""en:diet-beverages"", ""en:colas"", ""en:diet-sodas"", ""en:diet-cola-soft-drink""]",unknown,4.0,f41cd3f2dade88d4268353353d5dbf52f2025a396d4f4a709efe3ac9ab99291f,2026-09-06T22:59:54.940802+00:00,1788030591,NO_VERIFICABLE_HISTORICAMENTE,,,,2024,12,5,False
59473,PRODUCT,3165959213028,,2.850,,EUR,2024-12-14,1701,15189,PRICE_TAG,France,Lyon,True,True,True,True,True,True,False,True,True,Saupiquet - Thon à la Catalane,Saupiquet,"[""en:seafood"", ""en:fishes-and-their-products"", ""en:canned-foods"", ""en:fishes"", ""en:fatty-fishes"", ""en:meals"", ""en:canned-fishes"", ""en:tunas"", ""en:meals-with-fish"", ""en:tuna-in-catalan-style""]",c,4.0,211e36bf2792ead092a9301b7f45bcdb8033e2dc0fc9a4c394665ad8fbd7fb7d,2026-09-06T22:56:56.295961+00:00,1779304745,NO_VERIFICABLE_HISTORICAMENTE,,,,2024,12,5,False
60645,PRODUCT,3560070283484,,1.250,,EUR,2024-12-22,40,15747,RECEIPT,France,Paris,True,True,True,True,True,True,False,True,True,Épinards,Carrefour,"[""en:plant-based-foods-and-beverages"", ""en:plant-based-foods"", ""en:fruits-and-vegetables-based-foods"", ""en:vegetable-based-foods-and-beverages"", ""en:canned-foods"", ""en:vegetables-based-foods"", ""en:canned-plant-based-foods"", ""en:vegetables"", ""en:canned-vegetables"", ""en:leaf-vegetables"", ""en:spinachs"", ""en:canned-spinachs""]",a,3.0,24fd7006bec7ae662e98251226eb42439e6c7802223600ca61ccf96263d702be,2026-09-05T19:35:58.464842+00:00,1773439699,NO_VERIFICABLE_HISTORICAMENTE,,,,2024,12,6,False
60739,PRODUCT,3266140053581,,23.050,,EUR,2024-12-22,256,15714,PRICE_TAG,France,Meylan,True,True,True,True,True,True,False,True,True,Ravioles du Dauphiné LABEL ROUGE IGP surgelées sachet,Saint jean,"[""en:plant-based-foods-and-beverages"", ""en:plant-based-foods"", ""en:cereals-and-potatoes"", ""en:frozen-foods"", ""en:cereals-and-their-products"", ""en:meals"", ""en:pasta-dishes"", ""en:pastas"", ""en:pastas-and-dumplings"", ""en:combination-meals"", ""en:stuffed-pastas"", ""en:frozen-ready-made-meals"", ""fr:ravioles"", ""en:pasta-stuffed-with-cheese"", ""en:ravioles-du-dauphine"", ""fr:Produits Label Rouge"", ""fr:Produits labellisés""]",d,3.0,268db8cef48b91af093cc67326b7e1bf962d7ddb25b169dcb6d730d6c8618796,2026-09-06T22:57:49.808962+00:00,1774331912,NO_VERIFICABLE_HISTORICAMENTE,,,,2024,12,6,False
60741,PRODUCT,3500390010247,,19.990,,EUR,2024-12-22,256,15712,PRICE_TAG,France,Meylan,True,True,True,True,True,True,False,True,True,Ravioles du Dauphiné,Maison Rambert,"[""en:meals"", ""en:pasta-dishes"", ""en:stuffed-pastas"", ""fr:ravioles""]",d,4.0,b8c4d0dc28df773eacb84b3b8e73410830a3f89b708e550e0ef3c9a9a4294f8f,2026-09-05T19:36:13.571074+00:00,1788534815,NO_VERIFICABLE_HISTORICAMENTE,,,,2024,12,6,False
61133,PRODUCT,3560070283484,,1.250,,EUR,2024-12-26,40,15941,RECEIPT,France,Paris,True,True,True,True,True,True,False,True,True,Épinards,Carrefour,"[""en:plant-based-foods-and-beverages"", ""en:plant-based-foods"", ""en:fruits-and-vegetables-based-foods"", ""en:vegetable-based-foods-and-beverages"", ""en:canned-foods"", ""en:vegetables-based-foods"", ""en:canned-plant-based-foods"", ""en:vegetables"", ""en:canned-vegetables"", ""en:leaf-vegetables"", ""en:spinachs"", ""en:canned-spinachs""]",a,3.0,24fd7006bec7ae662e98251226eb42439e6c7802223600ca61ccf96263d702be,2026-09-05T19:35:58.464842+00:00,1773439699,NO_VERIFICABLE_HISTORICAMENTE,,,,2024,12,3,False
61807,PRODUCT,3250392335137,,2.090,,EUR,2024-12-28,49,16183,PRICE_TAG,France,Grenoble,True,True,True,True,True,True,False,True,True,Fromage Frais de Brebis 400g,Paturages,"[""en:dairies"", ""en:fermented-foods"", ""en:fermented-milk-products"", ""en:cheeses"", ""en:desserts"", ""en:dairy-desserts"", ""en:fermented-dairy-desserts"", ""en:fromages-blancs-petit-suisses-and-skyr"", ""en:yogurts"", ""en:plain-fermented-dairy-desserts"", ""en:sheep-milk-yogurts"", ""fr:fromages-blancs"", ""en:cream-cheeses"", ""fr:fromages-blancs-au-lait-de-brebis"", ""fr:fromages-blancs-natures"", ""fr:Fromages frais nature non sucres gourmands""]",c,3.0,474788863f569cdbd0815735a64b51ea4b043be12d00555ec96c2aff8fe00533,2026-09-05T19:36:38.710955+00:00,1780452300,NO_VERIFICABLE_HISTORICAMENTE,,,,2024,12,5,False
63162,PRODUCT,3560070283484,,1.250,,EUR,2025-01-02,40,16635,RECEIPT,France,Paris,True,True,True,True,True,True,False,True,True,Épinards,Carrefour,"[""en:plant-based-foods-and-beverages"", ""en:plant-based-foods"", ""en:fruits-and-vegetables-based-foods"", ""en:vegetable-based-foods-and-beverages"", ""en:canned-foods"", ""en:vegetables-based-foods"", ""en:canned-plant-based-foods"", ""en:vegetables"", ""en:canned-vegetables"", ""en:leaf-vegetables"", ""en:spinachs"", ""en:canned-spinachs""]",a,3.0,24fd7006bec7ae662e98251226eb42439e6c7802223600ca61ccf96263d702be,2026-09-05T19:35:58.464842+00:00,1773439699,NO_VERIFICABLE_HISTORICAMENTE,,,,2025,1,3,False
63163,PRODUCT,3560070206469,,1.990,,EUR,2025-01-02,40,16635,RECEIPT,France,Paris,True,True,True,True,True,True,False,True,True,Champignons de Paris,Carrefour,"[""en:plant-based-foods-and-beverages"", ""en:plant-based-foods"", ""en:fruits-and-vegetables-based-foods"", ""en:vegetable-based-foods-and-beverages"", ""en:canned-foods"", ""en:vegetables-based-foods"", ""en:canned-plant-based-foods"", ""en:mushrooms-and-their-products"", ""en:mushrooms"", ""en:canned-mushrooms"", ""en:champignon-mushrooms"", ""en:canned-champignon-mushrooms"", ""en:canned-sliced-champignon-mushrooms""]",a,3.0,106436df1ad8f8c78b20c27234f836affc256b833f79b363d0f5e26f12ddbc12,2026-09-05T19:36:03.576421+00:00,1788512835,NO_VERIFICABLE_HISTORICAMENTE,,,,2025,1,3,False
63902,PRODUCT,3760090370571,,7.990,,EUR,2025-01-04,8,16858,PRICE_TAG,France,Grenoble,True,True,True,True,True,True,False,True,True,"Saucisson sec, d'Ardèche",père 3 fils,"[""en:meats-and-their-products"", ""en:meats"", ""en:prepared-meats"", ""en:cured-sausages"", ""en:dry-sausages"", ""en:dry-sausage-pure-pork""]",e,4.0,750430216bd4e8274a8aa268b299aa380850033f7c0cf76bbd910d3e0bda1036,2026-09-06T22:59:08.170875+00:00,1773398258,NO_VERIFICABLE_HISTORICAMENTE,,,,2025,1,5,False
64492,PRODUCT,3019089042228,,2.500,,EUR,2025-01-06,1874,16945,PRICE_TAG,France,Seyssinet-Pariset,True,True,True,True,True,True,False,True,True,Rilettes de thon,Petit Navire,"[""en:seafood"", ""en:fishes-and-their-products"", ""en:fishes"", ""en:spreads"", ""en:fatty-fishes"", ""en:salted-spreads"", ""en:rillettes"", ""en:tunas"", ""en:fish-preparations"", ""en:fish-rillettes"", ""en:tuna-preparations"", ""en:tuna-rillettes""]",b,4.0,93fb7c44d4b195f9d413ab31e4a27740bd30a9145da7f06004d0449b96b9eadc,2026-09-06T22:56:14.270975+00:00,1774494952,NO_VERIFICABLE_HISTORICAMENTE,,,,2025,1,0,False
64553,PRODUCT,3560070283484,,1.120,,EUR,2025-01-06,1874,16950,PRICE_TAG,France,Seyssinet-Pariset,True,True,True,True,True,True,False,True,True,Épinards,Carrefour,"[""en:plant-based-foods-and-beverages"", ""en:plant-based-foods"", ""en:fruits-and-vegetables-based-foods"", ""en:vegetable-based-foods-and-beverages"", ""en:canned-foods"", ""en:vegetables-based-foods"", ""en:canned-plant-based-foods"", ""en:vegetables"", ""en:canned-vegetables"", ""en:leaf-vegetables"", ""en:spinachs"", ""en:canned-spinachs""]",a,3.0,24fd7006bec7ae662e98251226eb42439e6c7802223600ca61ccf96263d702be,2026-09-05T19:35:58.464842+00:00,1773439699,NO_VERIFICABLE_HISTORICAMENTE,,,,2025,1,0,False
66491,PRODUCT,3038359004544,,1.170,,EUR,2025-01-09,3,17472,PRICE_TAG,France,Grenoble,True,True,True,True,True,True,False,True,True,Sauce Tomate concentrée cuisinée aux petits légumes,"Panzani, panzani","[""en:plant-based-foods-and-beverages"", ""en:plant-based-foods"", ""en:fruits-and-vegetables-based-foods"", ""en:vegetable-based-foods-and-beverages"", ""en:condiments"", ""en:vegetables-based-foods"", ""en:tomatoes-and-their-products"", ""en:sauces"", ""en:tomato-sauces"", ""en:meal-kits""]",d,4.0,1525ef9c4b93a3b937a69eaec8f574478094d6ae7f1cef983e3d35932dc3445a,2026-09-06T22:56:35.694423+00:00,1787478069,NO_VERIFICABLE_HISTORICAMENTE,,,,2025,1,3,False
66529,PRODUCT,3760020507916,,3.130,,EUR,2025-01-09,3,17481,PRICE_TAG,France,Grenoble,True,True,True,True,True,True,False,True,True,Gaufrettes chocolat,"Jardin Bio étic, Jardin biologique, Léa Nature","[""en:snacks"", ""en:desserts"", ""en:sweet-snacks"", ""en:biscuits-and-cakes"", ""en:biscuits-and-crackers"", ""en:biscuits"", ""en:wafers"", ""en:chocolate-biscuits"", ""en:stuffed-wafers"", ""en:chocolate-stuffed-wafers""]",e,3.0,d9cea108ffaf5dd04b2e00df5ad1901015599cd34b55021ed1fc14aee7cff222,2026-09-05T19:36:23.581606+00:00,1773441594,NO_VERIFICABLE_HISTORICAMENTE,,,,2025,1,3,False
66627,PRODUCT,3760020507916,,3.130,,EUR,2025-01-09,3,17514,RECEIPT,France,Grenoble,True,True,True,True,True,True,False,True,True,Gaufrettes chocolat,"Jardin Bio étic, Jardin biologique, Léa Nature","[""en:snacks"", ""en:desserts"", ""en:sweet-snacks"", ""en:biscuits-and-cakes"", ""en:biscuits-and-crackers"", ""en:biscuits"", ""en:wafers"", ""en:chocolate-biscuits"", ""en:stuffed-wafers"", ""en:chocolate-stuffed-wafers""]",e,3.0,d9cea108ffaf5dd04b2e00df5ad1901015599cd34b55021ed1fc14aee7cff222,2026-09-05T19:36:23.581606+00:00,1773441594,NO_VERIFICABLE_HISTORICAMENTE,,,,2025,1,3,False
68462,PRODUCT,3033491350795,,2.250,,EUR,2025-01-17,1948,18212,PRICE_TAG,France,Clichy,True,True,True,True,True,True,False,True,True,Activia bifidus saveur citron,Danone,"[""en:dairies"", ""en:fermented-foods"", ""en:fermented-milk-products"", ""en:desserts"", ""en:dairy-desserts"", ""en:fermented-dairy-desserts"", ""en:flavoured-fermented-dairy-desserts"", ""en:bifidus-yogurts"", ""en:flavoured-bifidus-yogurts""]",c,4.0,a42b5e3e00b24cab9b5c2abab905e3136c816253190a5e911a7c1092dcc19d9d,2026-09-06T22:56:25.042537+00:00,1785397863,NO_VERIFICABLE_HISTORICAMENTE,,,,2025,1,4,False
68633,PRODUCT,3220035229611,,1.990,,EUR,2025-01-18,3,18294,PRICE_TAG,France,Grenoble,True,True,True,True,True,True,False,True,True,Cassonade,"Saint louis, Saint-Louis","[""en:sweeteners"", ""en:sugars"", ""en:brown-sugars"", ""en:cane-sugars"", ""fr:cassonades""]",e,2.0,2d886b3652dcce1dc85336eb81d739ae10e498acf96c7600c57c78eb69bcf61f,2026-09-05T19:36:28.786097+00:00,1787997987,NO_VERIFICABLE_HISTORICAMENTE,,,,2025,1,5,False
68931,PRODUCT,3220035229611,,1.990,,EUR,2025-01-18,506,18469,PRICE_TAG,France,Échirolles,True,True,True,True,True,True,False,True,True,Cassonade,"Saint louis, Saint-Louis","[""en:sweeteners"", ""en:sugars"", ""en:brown-sugars"", ""en:cane-sugars"", ""fr:cassonades""]",e,2.0,2d886b3652dcce1dc85336eb81d739ae10e498acf96c7600c57c78eb69bcf61f,2026-09-05T19:36:28.786097+00:00,1787997987,NO_VERIFICABLE_HISTORICAMENTE,,,,2025,1,5,False
69007,PRODUCT,5000112611878,,1.750,,EUR,2025-01-18,506,18520,PRICE_TAG,France,Échirolles,True,True,True,True,True,True,False,True,True,coca cola zero,Cocacola,"[""en:beverages-and-beverages-preparations"", ""en:beverages"", ""en:non-alcoholic-beverages"", ""en:carbonated-drinks"", ""en:soft-drinks"", ""en:artificially-sweetened-beverages"", ""en:sodas"", ""en:diet-beverages"", ""en:colas"", ""en:diet-sodas"", ""en:diet-cola-soft-drink""]",unknown,4.0,f41cd3f2dade88d4268353353d5dbf52f2025a396d4f4a709efe3ac9ab99291f,2026-09-06T22:59:54.940802+00:00,1788030591,NO_VERIFICABLE_HISTORICAMENTE,,,,2025,1,5,False
69143,PRODUCT,8719200265578,,3.250,,GBP,2025-01-18,342,18716,RECEIPT,United Kingdom,Hartlepool,True,True,True,True,True,True,False,True,True,Flora,Flora,"[""en:plant-based-foods-and-beverages"", ""en:plant-based-foods"", ""en:spreads"", ""en:fats"", ""en:plant-based-spreads"", ""en:salted-spreads"", ""en:vegetable-fats"", ""en:spreadable-fats"", ""en:margarines""]",d,4.0,520aff3fa700c59840ef713438cf96ff94a460835c93e43168e3db4c8b5fe974,2026-09-06T23:00:41.742163+00:00,1774538102,NO_VERIFICABLE_HISTORICAMENTE,,,,2025,1,5,False
69168,PRODUCT,8000500391228,,2.990,,EUR,2025-01-10,468,18740,PRICE_TAG,Deutschland,,True,True,True,True,True,True,False,True,True,Kinder Kinderini,Kinder,"[""en:snacks"", ""en:sweet-snacks"", ""en:biscuits-and-cakes"", ""en:biscuits-and-crackers"", ""en:biscuits"", ""en:pastries""]",e,4.0,541523ed87af4efb3ec302fab0b84715f2fe033aae8dbbdead2475d86083edb2,2026-09-06T23:00:21.039136+00:00,1788334947,NO_VERIFICABLE_HISTORICAMENTE,,,,2025,1,4,False
69341,PRODUCT,5000112611878,,1.830,,EUR,2025-01-20,3,18828,PRICE_TAG,France,Grenoble,True,True,True,True,True,True,False,True,True,coca cola zero,Cocacola,"[""en:beverages-and-beverages-preparations"", ""en:beverages"", ""en:non-alcoholic-beverages"", ""en:carbonated-drinks"", ""en:soft-drinks"", ""en:artificially-sweetened-beverages"", ""en:sodas"", ""en:diet-beverages"", ""en:colas"", ""en:diet-sodas"", ""en:diet-cola-soft-drink""]",unknown,4.0,f41cd3f2dade88d4268353353d5dbf52f2025a396d4f4a709efe3ac9ab99291f,2026-09-06T22:59:54.940802+00:00,1788030591,NO_VERIFICABLE_HISTORICAMENTE,,,,2025,1,0,False
69943,PRODUCT,3242272981053,,2.890,,EUR,2025-01-21,49,19150,PRICE_TAG,France,Grenoble,True,True,True,True,True,True,False,True,True,Sandwich le méga jambon cheddar x3,Sodebo,"[""en:sandwiches"", ""en:sandwiches-filled-with-cold-cuts"", ""en:cheese-sandwiches"", ""en:ham-sandwiches"", ""en:cheddar-sandwiches"", ""en:ham-and-cheese-sandwiches"", ""fr:sandwichs-polaires""]",d,4.0,fcc59ea98d64c203ad1d9e0958086b8c4d79741d9fe17bbae4d0b561a39c5f92,2026-09-06T22:57:17.880756+00:00,1786620558,NO_VERIFICABLE_HISTORICAMENTE,,,,2025,1,1,False
70023,PRODUCT,3123930711758,,3.960,,EUR,2025-01-21,49,19099,PRICE_TAG,France,Grenoble,True,True,True,True,True,True,False,True,True,L'Emmental Français Extra fin,EntreMont,"[""en:dairies"", ""en:fermented-foods"", ""en:fermented-milk-products"", ""en:cheeses"", ""en:cow-cheeses"", ""en:hard-cheeses"", ""en:emmentaler"", ""en:french-cheeses"", ""en:french-emmentaler"", ""en:grated-cheese"", ""en:grated-emmentaler""]",c,3.0,6e5801a73a0beaf7124302ab324b558e0d22794a5ad8e97b5d3c4c48ef89ff5f,2026-09-05T19:36:08.642901+00:00,1786571438,NO_VERIFICABLE_HISTORICAMENTE,,,,2025,1,1,False
71617,PRODUCT,3760020507916,,2.690,,EUR,2025-01-24,2015,19484,PRICE_TAG,France,Saint-Martin-d'Hères,True,True,True,True,True,True,False,True,True,Gaufrettes chocolat,"Jardin Bio étic, Jardin biologique, Léa Nature","[""en:snacks"", ""en:desserts"", ""en:sweet-snacks"", ""en:biscuits-and-cakes"", ""en:biscuits-and-crackers"", ""en:biscuits"", ""en:wafers"", ""en:chocolate-biscuits"", ""en:stuffed-wafers"", ""en:chocolate-stuffed-wafers""]",e,3.0,d9cea108ffaf5dd04b2e00df5ad1901015599cd34b55021ed1fc14aee7cff222,2026-09-05T19:36:23.581606+00:00,1773441594,NO_VERIFICABLE_HISTORICAMENTE,,,,2025,1,4,False
71721,PRODUCT,3456300014556,,2.690,,EUR,2025-01-24,2015,19484,PRICE_TAG,France,Saint-Martin-d'Hères,True,True,True,True,True,True,False,True,True,Fourrés Chocolat🍫,"Jardin Bio étic, jardin bio étic Léa Nature","[""en:snacks"", ""en:frozen-foods"", ""en:sweet-snacks"", ""en:biscuits-and-cakes"", ""en:biscuits-and-crackers"", ""en:biscuits"", ""en:filled-biscuits""]",d,3.0,28163a9aa69ae9dc57a947e50ab8cfa93c424eb067341d182af5a868ba9d1823,2026-09-06T22:58:37.175429+00:00,1788508142,NO_VERIFICABLE_HISTORICAMENTE,,,,2025,1,4,False
71741,PRODUCT,3019089042228,,2.650,,EUR,2025-01-22,2019,19563,PRICE_TAG,France,Levallois-Perret,True,True,True,True,True,True,False,True,True,Rilettes de thon,Petit Navire,"[""en:seafood"", ""en:fishes-and-their-products"", ""en:fishes"", ""en:spreads"", ""en:fatty-fishes"", ""en:salted-spreads"", ""en:rillettes"", ""en:tunas"", ""en:fish-preparations"", ""en:fish-rillettes"", ""en:tuna-preparations"", ""en:tuna-rillettes""]",b,4.0,93fb7c44d4b195f9d413ab31e4a27740bd30a9145da7f06004d0449b96b9eadc,2026-09-06T22:56:14.270975+00:00,1774494952,NO_VERIFICABLE_HISTORICAMENTE,,,,2025,1,2,False
72227,PRODUCT,3256223264768,,2.740,,EUR,2025-01-25,478,19662,PRICE_TAG,France,Grenoble,True,True,True,True,True,True,True,True,True,Cake nature au lait écrémé bio paquet de 125g,"U, U Bio","[""en:snacks"", ""en:sweet-snacks"", ""en:biscuits-and-cakes"", ""en:cakes""]",d,4.0,f277c32316fd1acb5304c6e39a206a55a6c5487ae830b7a15737ff153f1b9a02,2026-09-06T22:57:33.757191+00:00,1773382984,NO_VERIFICABLE_HISTORICAMENTE,67015c3d4b464f8bf9f5acd8d36ee37389b5d06c52037834d6bc538d59de7125,PRICE_TAG,2,2025,1,5,True
73795,PRODUCT,5760466994484,,16.290,,AED,2025-02-01,2097,20204,RECEIPT,الإمارات العربية المتحدة,دبي,True,True,True,True,True,True,True,True,True,Cooking Cream,Puck,"[""en:dairies"", ""en:creams"", ""en:uht-creams"", ""en:unfermented-creams"", ""fr:cremes-entieres"", ""en:liquid-30-fat-uht-cream""]",d,4.0,4b8a4bde18ea0560c66d4d1fe99684d52fc38b2b2ba27186f5d549d894fbf767,2026-09-06T23:00:05.245390+00:00,1788630830,NO_VERIFICABLE_HISTORICAMENTE,078dd86f69a3ffcc6f62acd13b66a066636d0d016b0681a7db73c861d134e62e,RECEIPT,2,2025,2,5,True
73796,PRODUCT,5760466994484,,16.290,,AED,2025-02-01,2097,20205,PRICE_TAG,الإمارات العربية المتحدة,دبي,True,True,True,True,True,True,False,True,True,Cooking Cream,Puck,"[""en:dairies"", ""en:creams"", ""en:uht-creams"", ""en:unfermented-creams"", ""fr:cremes-entieres"", ""en:liquid-30-fat-uht-cream""]",d,4.0,4b8a4bde18ea0560c66d4d1fe99684d52fc38b2b2ba27186f5d549d894fbf767,2026-09-06T23:00:05.245390+00:00,1788630830,NO_VERIFICABLE_HISTORICAMENTE,,,,2025,2,5,False
74242,PRODUCT,5000112611878,,1.650,,EUR,2025-02-01,351,20550,PRICE_TAG,France,Échirolles,True,True,True,True,True,True,False,True,True,coca cola zero,Cocacola,"[""en:beverages-and-beverages-preparations"", ""en:beverages"", ""en:non-alcoholic-beverages"", ""en:carbonated-drinks"", ""en:soft-drinks"", ""en:artificially-sweetened-beverages"", ""en:sodas"", ""en:diet-beverages"", ""en:colas"", ""en:diet-sodas"", ""en:diet-cola-soft-drink""]",unknown,4.0,f41cd3f2dade88d4268353353d5dbf52f2025a396d4f4a709efe3ac9ab99291f,2026-09-06T22:59:54.940802+00:00,1788030591,NO_VERIFICABLE_HISTORICAMENTE,,,,2025,2,5,False
75066,PRODUCT,5000112611878,,1.650,,EUR,2025-02-01,351,20480,PRICE_TAG,France,Échirolles,True,True,True,True,True,True,False,True,True,coca cola zero,Cocacola,"[""en:beverages-and-beverages-preparations"", ""en:beverages"", ""en:non-alcoholic-beverages"", ""en:carbonated-drinks"", ""en:soft-drinks"", ""en:artificially-sweetened-beverages"", ""en:sodas"", ""en:diet-beverages"", ""en:colas"", ""en:diet-sodas"", ""en:diet-cola-soft-drink""]",unknown,4.0,f41cd3f2dade88d4268353353d5dbf52f2025a396d4f4a709efe3ac9ab99291f,2026-09-06T22:59:54.940802+00:00,1788030591,NO_VERIFICABLE_HISTORICAMENTE,,,,2025,2,5,False
75239,PRODUCT,8719200265578,,2.990,,GBP,2025-02-02,364,20989,RECEIPT,United Kingdom,Hartlepool,True,True,True,True,True,True,False,True,True,Flora,Flora,"[""en:plant-based-foods-and-beverages"", ""en:plant-based-foods"", ""en:spreads"", ""en:fats"", ""en:plant-based-spreads"", ""en:salted-spreads"", ""en:vegetable-fats"", ""en:spreadable-fats"", ""en:margarines""]",d,4.0,520aff3fa700c59840ef713438cf96ff94a460835c93e43168e3db4c8b5fe974,2026-09-06T23:00:41.742163+00:00,1774538102,NO_VERIFICABLE_HISTORICAMENTE,,,,2025,2,6,False
75703,PRODUCT,3270190023524,,1.750,,EUR,2022-11-28,1869,21192,GDPR_REQUEST,France,Montélimar,True,True,True,True,True,True,False,True,True,Fromage Blanc nature,Carrefour,"[""en:dairies"", ""en:fermented-foods"", ""en:fermented-milk-products"", ""en:cheeses"", ""en:desserts"", ""en:dairy-desserts"", ""en:fermented-dairy-desserts"", ""en:fromages-blancs-petit-suisses-and-skyr"", ""en:petits-suisses"", ""en:plain-fermented-dairy-desserts"", ""en:plain-petit-suisse"", ""fr:fromages-blancs"", ""en:fat-free-plain-petit-suisse"", ""fr:fromages-blancs-natures""]",a,3.0,c5e067c3b9a6d768d495e6bb10d8ccb5832849df2bf4cf1e12b09a6050ea9743,2026-09-06T22:57:55.173339+00:00,1773406895,NO_VERIFICABLE_HISTORICAMENTE,,,,2022,11,0,False
78054,PRODUCT,3266140053581,,21.480,,EUR,2025-02-11,11,22084,PRICE_TAG,France,Grenoble,True,True,True,True,True,True,False,True,True,Ravioles du Dauphiné LABEL ROUGE IGP surgelées sachet,Saint jean,"[""en:plant-based-foods-and-beverages"", ""en:plant-based-foods"", ""en:cereals-and-potatoes"", ""en:frozen-foods"", ""en:cereals-and-their-products"", ""en:meals"", ""en:pasta-dishes"", ""en:pastas"", ""en:pastas-and-dumplings"", ""en:combination-meals"", ""en:stuffed-pastas"", ""en:frozen-ready-made-meals"", ""fr:ravioles"", ""en:pasta-stuffed-with-cheese"", ""en:ravioles-du-dauphine"", ""fr:Produits Label Rouge"", ""fr:Produits labellisés""]",d,3.0,268db8cef48b91af093cc67326b7e1bf962d7ddb25b169dcb6d730d6c8618796,2026-09-06T22:57:49.808962+00:00,1774331912,NO_VERIFICABLE_HISTORICAMENTE,,,,2025,2,1,False
79593,PRODUCT,3770014111777,,2.150,,EUR,2025-02-17,15,23017,PRICE_TAG,France,Grenoble,True,True,True,True,True,True,False,True,True,Farine de blé T65 Transition - conversion biologique,Transition,"[""en:plant-based-foods-and-beverages"", ""en:plant-based-foods"", ""en:cereals-and-potatoes"", ""en:cereals-and-their-products"", ""en:flours"", ""en:cereal-flours"", ""en:wheat-flours"", ""en:common-wheat-flours"", ""en:wheat-flour-type-65""]",a,1.0,32a912a44d6e223dfafb23196f02904fbe8ebf3ba34e10c30d44d9fe35794117,2026-09-05T19:36:33.752576+00:00,1774512441,NO_VERIFICABLE_HISTORICAMENTE,,,,2025,2,0,False
80492,PRODUCT,3123930711758,,3.650,,EUR,2025-02-22,2326,23477,PRICE_TAG,France,Sevran,True,True,True,True,True,True,False,True,True,L'Emmental Français Extra fin,EntreMont,"[""en:dairies"", ""en:fermented-foods"", ""en:fermented-milk-products"", ""en:cheeses"", ""en:cow-cheeses"", ""en:hard-cheeses"", ""en:emmentaler"", ""en:french-cheeses"", ""en:french-emmentaler"", ""en:grated-cheese"", ""en:grated-emmentaler""]",c,3.0,6e5801a73a0beaf7124302ab324b558e0d22794a5ad8e97b5d3c4c48ef89ff5f,2026-09-05T19:36:08.642901+00:00,1786571438,NO_VERIFICABLE_HISTORICAMENTE,,,,2025,2,5,False
81144,PRODUCT,3760341070236,,1.710,,EUR,2024-08-17,1870,23821,GDPR_REQUEST,France,Bourg-lès-Valence,True,True,True,True,True,True,False,True,True,Lustucru Doypack Champignons,Lustucru,"[""fr:Riz lustucru""]",c,4.0,f1b2c0555943271b29188ef76d3fa0b0fe915885ccb4bdeb696797cb762abec9,2026-09-06T22:59:18.581119+00:00,1774536671,NO_VERIFICABLE_HISTORICAMENTE,,,,2024,8,5,False
82876,PRODUCT,3297760097969,,1.740,,EUR,2023-04-14,1579,23821,GDPR_REQUEST,France,Montélimar,True,True,True,True,True,True,False,True,True,Pomme Banane Vanille,Charles & Alice,"[""en:plant-based-foods-and-beverages"", ""en:plant-based-foods"", ""en:fruit-based-foods-and-beverages"", ""en:fruits-and-vegetables-based-foods"", ""en:desserts"", ""en:fruit-based-foods"", ""en:compotes"", ""en:apple-compotes"", ""en:banana-apple-compotes""]",a,4.0,4ca81216211f1bcee72fbec12aa048f20f553391238401e6a12b791653d2924c,2026-09-06T22:58:05.692892+00:00,1784102702,NO_VERIFICABLE_HISTORICAMENTE,,,,2023,4,4,False
84613,PRODUCT,3038359004544,,0.560,,EUR,2021-02-26,1579,23821,GDPR_REQUEST,France,Montélimar,True,True,True,True,True,True,False,True,True,Sauce Tomate concentrée cuisinée aux petits légumes,"Panzani, panzani","[""en:plant-based-foods-and-beverages"", ""en:plant-based-foods"", ""en:fruits-and-vegetables-based-foods"", ""en:vegetable-based-foods-and-beverages"", ""en:condiments"", ""en:vegetables-based-foods"", ""en:tomatoes-and-their-products"", ""en:sauces"", ""en:tomato-sauces"", ""en:meal-kits""]",d,4.0,1525ef9c4b93a3b937a69eaec8f574478094d6ae7f1cef983e3d35932dc3445a,2026-09-06T22:56:35.694423+00:00,1787478069,NO_VERIFICABLE_HISTORICAMENTE,,,,2021,2,4,False
85646,PRODUCT,3456300014556,,2.580,,EUR,2025-02-26,10,24342,PRICE_TAG,France,Grenoble,True,True,True,True,True,True,False,True,True,Fourrés Chocolat🍫,"Jardin Bio étic, jardin bio étic Léa Nature","[""en:snacks"", ""en:frozen-foods"", ""en:sweet-snacks"", ""en:biscuits-and-cakes"", ""en:biscuits-and-crackers"", ""en:biscuits"", ""en:filled-biscuits""]",d,3.0,28163a9aa69ae9dc57a947e50ab8cfa93c424eb067341d182af5a868ba9d1823,2026-09-06T22:58:37.175429+00:00,1788508142,NO_VERIFICABLE_HISTORICAMENTE,,,,2025,2,2,False
86884,PRODUCT,3760297370206,,3.240,,EUR,2025-03-04,2407,24927,RECEIPT,France,Redon,True,True,True,True,True,True,False,True,True,Onigiri saumon fromage frais,igiri,"[""en:snacks"", ""en:salty-snacks"", ""en:meals"", ""en:sushi-and-maki"", ""en:sushis"", ""en:onigiri"", ""fr:En-cas-japonais""]",unknown,4.0,c4a8a73fa17261e7abaeb5ae79bfb2c1aa5dda9923620f65a19a7ddca62ca750,2026-09-06T22:59:13.414631+00:00,1774537457,NO_VERIFICABLE_HISTORICAMENTE,,,,2025,3,1,False
87453,PRODUCT,4260031550011,,6.490,,EUR,2025-03-07,1452,25219,RECEIPT,Deutschland,Chemnitz,True,True,True,True,True,True,True,True,True,Hähnchen Kebab,Kronenland,"[""de:Gyros"", ""de:Hähnchen""]",d,4.0,9843e2740256b9c6bcda97e4341729bc1df43b8755db56c358648bae52fb7bf3,2026-09-06T22:59:44.449363+00:00,1774522952,NO_VERIFICABLE_HISTORICAMENTE,8ddc4eae34384e34a158917fa156e080b8c2f81f54ce62ee12b246cc9655d435,RECEIPT,2,2025,3,4,True
88154,PRODUCT,3760020507916,,3.130,,EUR,2025-03-11,14,25633,PRICE_TAG,France,Grenoble,True,True,True,True,True,True,False,True,True,Gaufrettes chocolat,"Jardin Bio étic, Jardin biologique, Léa Nature","[""en:snacks"", ""en:desserts"", ""en:sweet-snacks"", ""en:biscuits-and-cakes"", ""en:biscuits-and-crackers"", ""en:biscuits"", ""en:wafers"", ""en:chocolate-biscuits"", ""en:stuffed-wafers"", ""en:chocolate-stuffed-wafers""]",e,3.0,d9cea108ffaf5dd04b2e00df5ad1901015599cd34b55021ed1fc14aee7cff222,2026-09-05T19:36:23.581606+00:00,1773441594,NO_VERIFICABLE_HISTORICAMENTE,,,,2025,3,1,False
88162,PRODUCT,3456300014556,,2.810,,EUR,2025-03-11,14,25633,PRICE_TAG,France,Grenoble,True,True,True,True,True,True,False,True,True,Fourrés Chocolat🍫,"Jardin Bio étic, jardin bio étic Léa Nature","[""en:snacks"", ""en:frozen-foods"", ""en:sweet-snacks"", ""en:biscuits-and-cakes"", ""en:biscuits-and-crackers"", ""en:biscuits"", ""en:filled-biscuits""]",d,3.0,28163a9aa69ae9dc57a947e50ab8cfa93c424eb067341d182af5a868ba9d1823,2026-09-06T22:58:37.175429+00:00,1788508142,NO_VERIFICABLE_HISTORICAMENTE,,,,2025,3,1,False
88486,PRODUCT,3033491279294,,3.990,,EUR,2025-03-13,2224,25803,RECEIPT,France,Paris,True,True,True,True,True,True,False,True,True,Danette double saveur vanille & chocolat,Danone,"[""en:dairies"", ""en:desserts"", ""en:dairy-desserts"", ""en:entremets-mousses-and-creamy-puddings"", ""en:chocolate-desserts"", ""en:creamy-puddings"", ""en:chocolate-creamy-puddings"", ""en:refrigerated-chocolate-creamy-puddings"", ""en:Crèmes dessert vanille chocolat""]",c,4.0,9337b9a8f828d3fea0132867547feb3b4db77b28595412f789507994a62bf174,2026-09-06T22:56:19.683954+00:00,1773985823,NO_VERIFICABLE_HISTORICAMENTE,,,,2025,3,3,False
89761,PRODUCT,3165959213028,,2.440,,EUR,2025-03-20,11,26790,PRICE_TAG,France,Grenoble,True,True,True,True,True,True,False,True,True,Saupiquet - Thon à la Catalane,Saupiquet,"[""en:seafood"", ""en:fishes-and-their-products"", ""en:canned-foods"", ""en:fishes"", ""en:fatty-fishes"", ""en:meals"", ""en:canned-fishes"", ""en:tunas"", ""en:meals-with-fish"", ""en:tuna-in-catalan-style""]",c,4.0,211e36bf2792ead092a9301b7f45bcdb8033e2dc0fc9a4c394665ad8fbd7fb7d,2026-09-06T22:56:56.295961+00:00,1779304745,NO_VERIFICABLE_HISTORICAMENTE,,,,2025,3,3,False
90765,PRODUCT,3760020507916,,2.170,,EUR,2025-03-22,2552,27067,PRICE_TAG,France,Fontaine,True,True,True,True,True,True,False,True,True,Gaufrettes chocolat,"Jardin Bio étic, Jardin biologique, Léa Nature","[""en:snacks"", ""en:desserts"", ""en:sweet-snacks"", ""en:biscuits-and-cakes"", ""en:biscuits-and-crackers"", ""en:biscuits"", ""en:wafers"", ""en:chocolate-biscuits"", ""en:stuffed-wafers"", ""en:chocolate-stuffed-wafers""]",e,3.0,d9cea108ffaf5dd04b2e00df5ad1901015599cd34b55021ed1fc14aee7cff222,2026-09-05T19:36:23.581606+00:00,1773441594,NO_VERIFICABLE_HISTORICAMENTE,,,,2025,3,5,False
92526,PRODUCT,3183811008117,,4.280,,EUR,2025-03-23,35,27160,PRICE_TAG,France,Grenoble,True,True,True,True,True,True,False,True,True,Olive noire fromage de chèvre,Marius Bernard,"[""en:spreads"", ""en:salted-spreads""]",d,3.0,875e5c0a681fe65d6cbed50d96ab72617d082823628cc689b523cc663d376db4,2026-09-06T22:57:01.625345+00:00,1774316425,NO_VERIFICABLE_HISTORICAMENTE,,,,2025,3,6,False
93813,PRODUCT,4061464487482,,3.490,,EUR,2025-03-28,468,27998,PRICE_TAG,Deutschland,,True,True,True,True,True,True,False,True,True,Nussknacker / Nussbeisser XXL,"Aldi, Choceur, Hofer Schokoladefabrik","[""en:snacks"", ""en:sweet-snacks"", ""en:cocoa-and-its-products"", ""en:chocolates"", ""en:milk-chocolates"", ""en:chocolates-with-hazelnuts""]",e,4.0,a1723f3efe4248aaca50726c77ab9f516290e57ac2805d8457975849cf5dd788,2026-09-05T19:37:23.984365+00:00,1782759793,NO_VERIFICABLE_HISTORICAMENTE,,,,2025,3,4,False
93999,PRODUCT,3456300014556,,2.750,,EUR,2025-04-01,2611,28173,PRICE_TAG,France,Varces-Allières-et-Risset,True,True,True,True,True,True,False,True,True,Fourrés Chocolat🍫,"Jardin Bio étic, jardin bio étic Léa Nature","[""en:snacks"", ""en:frozen-foods"", ""en:sweet-snacks"", ""en:biscuits-and-cakes"", ""en:biscuits-and-crackers"", ""en:biscuits"", ""en:filled-biscuits""]",d,3.0,28163a9aa69ae9dc57a947e50ab8cfa93c424eb067341d182af5a868ba9d1823,2026-09-06T22:58:37.175429+00:00,1788508142,NO_VERIFICABLE_HISTORICAMENTE,,,,2025,4,1,False
94443,PRODUCT,8801068091298,,1.950,,EUR,2024-04-13,2147,28392,PRICE_TAG,Lietuva,Marijampolė,True,True,True,True,True,True,True,True,True,"Jūržolių užkandis SAMLIP, vasabio skonio",samlip,,unknown,,41e4e80d87c039765cc7834e3e34110f27774aa20bbdac8d3825714212ca97fb,2026-09-06T23:00:47.010467+00:00,1770396261,NO_VERIFICABLE_HISTORICAMENTE,3a69e1f1b54c8b0e8c6780fb7af780f93897e2c0f9617a08ec2dcb7a6583c5e0,PRICE_TAG,2,2024,4,5,True
94452,PRODUCT,3033491279294,,1.750,,EUR,2025-04-03,2224,28400,RECEIPT,France,Paris,True,True,True,True,True,True,False,True,True,Danette double saveur vanille & chocolat,Danone,"[""en:dairies"", ""en:desserts"", ""en:dairy-desserts"", ""en:entremets-mousses-and-creamy-puddings"", ""en:chocolate-desserts"", ""en:creamy-puddings"", ""en:chocolate-creamy-puddings"", ""en:refrigerated-chocolate-creamy-puddings"", ""en:Crèmes dessert vanille chocolat""]",c,4.0,9337b9a8f828d3fea0132867547feb3b4db77b28595412f789507994a62bf174,2026-09-06T22:56:19.683954+00:00,1773985823,NO_VERIFICABLE_HISTORICAMENTE,,,,2025,4,3,False
96239,PRODUCT,3033491279294,,2.100,,EUR,2025-04-13,2217,28957,RECEIPT,France,Clichy,True,True,True,True,True,True,False,True,True,Danette double saveur vanille & chocolat,Danone,"[""en:dairies"", ""en:desserts"", ""en:dairy-desserts"", ""en:entremets-mousses-and-creamy-puddings"", ""en:chocolate-desserts"", ""en:creamy-puddings"", ""en:chocolate-creamy-puddings"", ""en:refrigerated-chocolate-creamy-puddings"", ""en:Crèmes dessert vanille chocolat""]",c,4.0,9337b9a8f828d3fea0132867547feb3b4db77b28595412f789507994a62bf174,2026-09-06T22:56:19.683954+00:00,1773985823,NO_VERIFICABLE_HISTORICAMENTE,,,,2025,4,6,False
97149,PRODUCT,3023260027607,,3.420,,EUR,2022-11-03,2738,29095,GDPR_REQUEST,France,Lunel,True,True,True,True,True,True,False,True,True,La tomme de brebis,Lou Pérac,"[""en:dairies"", ""en:fermented-foods"", ""en:fermented-milk-products"", ""en:cheeses"", ""en:mountain-products"", ""en:french-cheeses"", ""en:mountain-cheeses"", ""en:sheep-s-milk-cheeses"", ""en:tomme-cheese-from-cow-s-milk"", ""fr:tomme-de-brebis""]",d,4.0,3eac23547f8e3047f8416fa80c7936a359b0788079a3551c2fbc7c308e4f9a07,2026-09-05T19:37:18.901022+00:00,1781156159,NO_VERIFICABLE_HISTORICAMENTE,,,,2022,11,3,False
97568,PRODUCT,3240931548135,,3.490,,EUR,2023-04-13,2738,29095,GDPR_REQUEST,France,Lunel,True,True,True,True,True,True,False,True,True,Lustucru gnocchi a poêler format xxl 720g,"Lustucru, Lustucru selection","[""en:plant-based-foods-and-beverages"", ""en:plant-based-foods"", ""en:cereals-and-potatoes"", ""en:frozen-foods"", ""en:cereals-and-their-products"", ""en:potatoes-and-their-products"", ""en:pastas"", ""en:cereal-pastas"", ""en:fresh-pasta"", ""en:gnocchi"", ""en:gnocchi-of-durum-wheat-semolina"", ""en:potato-gnocchi""]",c,3.0,b04956fb72164d0aa169caa42e9bfdbb13617cfbe2044d789ec498de0fa4d998,2026-09-06T22:57:12.552522+00:00,1788452995,NO_VERIFICABLE_HISTORICAMENTE,,,,2023,4,3,False
97585,PRODUCT,3240931548135,,3.490,,EUR,2023-04-24,2738,29095,GDPR_REQUEST,France,Lunel,True,True,True,True,True,True,False,True,True,Lustucru gnocchi a poêler format xxl 720g,"Lustucru, Lustucru selection","[""en:plant-based-foods-and-beverages"", ""en:plant-based-foods"", ""en:cereals-and-potatoes"", ""en:frozen-foods"", ""en:cereals-and-their-products"", ""en:potatoes-and-their-products"", ""en:pastas"", ""en:cereal-pastas"", ""en:fresh-pasta"", ""en:gnocchi"", ""en:gnocchi-of-durum-wheat-semolina"", ""en:potato-gnocchi""]",c,3.0,b04956fb72164d0aa169caa42e9bfdbb13617cfbe2044d789ec498de0fa4d998,2026-09-06T22:57:12.552522+00:00,1788452995,NO_VERIFICABLE_HISTORICAMENTE,,,,2023,4,0,False
97895,PRODUCT,3240931548135,,3.420,,EUR,2023-09-12,2738,29095,GDPR_REQUEST,France,Lunel,True,True,True,True,True,True,False,True,True,Lustucru gnocchi a poêler format xxl 720g,"Lustucru, Lustucru selection","[""en:plant-based-foods-and-beverages"", ""en:plant-based-foods"", ""en:cereals-and-potatoes"", ""en:frozen-foods"", ""en:cereals-and-their-products"", ""en:potatoes-and-their-products"", ""en:pastas"", ""en:cereal-pastas"", ""en:fresh-pasta"", ""en:gnocchi"", ""en:gnocchi-of-durum-wheat-semolina"", ""en:potato-gnocchi""]",c,3.0,b04956fb72164d0aa169caa42e9bfdbb13617cfbe2044d789ec498de0fa4d998,2026-09-06T22:57:12.552522+00:00,1788452995,NO_VERIFICABLE_HISTORICAMENTE,,,,2023,9,1,False
98002,PRODUCT,3240931548135,,3.390,,EUR,2023-10-26,2738,29095,GDPR_REQUEST,France,Lunel,True,True,True,True,True,True,False,True,True,Lustucru gnocchi a poêler format xxl 720g,"Lustucru, Lustucru selection","[""en:plant-based-foods-and-beverages"", ""en:plant-based-foods"", ""en:cereals-and-potatoes"", ""en:frozen-foods"", ""en:cereals-and-their-products"", ""en:potatoes-and-their-products"", ""en:pastas"", ""en:cereal-pastas"", ""en:fresh-pasta"", ""en:gnocchi"", ""en:gnocchi-of-durum-wheat-semolina"", ""en:potato-gnocchi""]",c,3.0,b04956fb72164d0aa169caa42e9bfdbb13617cfbe2044d789ec498de0fa4d998,2026-09-06T22:57:12.552522+00:00,1788452995,NO_VERIFICABLE_HISTORICAMENTE,,,,2023,10,3,False
98092,PRODUCT,3240931548135,,3.390,,EUR,2023-11-23,2738,29095,GDPR_REQUEST,France,Lunel,True,True,True,True,True,True,False,True,True,Lustucru gnocchi a poêler format xxl 720g,"Lustucru, Lustucru selection","[""en:plant-based-foods-and-beverages"", ""en:plant-based-foods"", ""en:cereals-and-potatoes"", ""en:frozen-foods"", ""en:cereals-and-their-products"", ""en:potatoes-and-their-products"", ""en:pastas"", ""en:cereal-pastas"", ""en:fresh-pasta"", ""en:gnocchi"", ""en:gnocchi-of-durum-wheat-semolina"", ""en:potato-gnocchi""]",c,3.0,b04956fb72164d0aa169caa42e9bfdbb13617cfbe2044d789ec498de0fa4d998,2026-09-06T22:57:12.552522+00:00,1788452995,NO_VERIFICABLE_HISTORICAMENTE,,,,2023,11,3,False
98179,PRODUCT,3240931548135,,3.420,,EUR,2023-12-29,2738,29095,GDPR_REQUEST,France,Lunel,True,True,True,True,True,True,False,True,True,Lustucru gnocchi a poêler format xxl 720g,"Lustucru, Lustucru selection","[""en:plant-based-foods-and-beverages"", ""en:plant-based-foods"", ""en:cereals-and-potatoes"", ""en:frozen-foods"", ""en:cereals-and-their-products"", ""en:potatoes-and-their-products"", ""en:pastas"", ""en:cereal-pastas"", ""en:fresh-pasta"", ""en:gnocchi"", ""en:gnocchi-of-durum-wheat-semolina"", ""en:potato-gnocchi""]",c,3.0,b04956fb72164d0aa169caa42e9bfdbb13617cfbe2044d789ec498de0fa4d998,2026-09-06T22:57:12.552522+00:00,1788452995,NO_VERIFICABLE_HISTORICAMENTE,,,,2023,12,4,False
98303,PRODUCT,3240931548135,,3.390,,EUR,2024-01-27,2738,29095,GDPR_REQUEST,France,Lunel,True,True,True,True,True,True,False,True,True,Lustucru gnocchi a poêler format xxl 720g,"Lustucru, Lustucru selection","[""en:plant-based-foods-and-beverages"", ""en:plant-based-foods"", ""en:cereals-and-potatoes"", ""en:frozen-foods"", ""en:cereals-and-their-products"", ""en:potatoes-and-their-products"", ""en:pastas"", ""en:cereal-pastas"", ""en:fresh-pasta"", ""en:gnocchi"", ""en:gnocchi-of-durum-wheat-semolina"", ""en:potato-gnocchi""]",c,3.0,b04956fb72164d0aa169caa42e9bfdbb13617cfbe2044d789ec498de0fa4d998,2026-09-06T22:57:12.552522+00:00,1788452995,NO_VERIFICABLE_HISTORICAMENTE,,,,2024,1,5,False
98485,PRODUCT,3240931548135,,3.330,,EUR,2024-04-15,2738,29095,GDPR_REQUEST,France,Lunel,True,True,True,True,True,True,False,True,True,Lustucru gnocchi a poêler format xxl 720g,"Lustucru, Lustucru selection","[""en:plant-based-foods-and-beverages"", ""en:plant-based-foods"", ""en:cereals-and-potatoes"", ""en:frozen-foods"", ""en:cereals-and-their-products"", ""en:potatoes-and-their-products"", ""en:pastas"", ""en:cereal-pastas"", ""en:fresh-pasta"", ""en:gnocchi"", ""en:gnocchi-of-durum-wheat-semolina"", ""en:potato-gnocchi""]",c,3.0,b04956fb72164d0aa169caa42e9bfdbb13617cfbe2044d789ec498de0fa4d998,2026-09-06T22:57:12.552522+00:00,1788452995,NO_VERIFICABLE_HISTORICAMENTE,,,,2024,4,0,False
98643,PRODUCT,3240931548135,,3.150,,EUR,2024-05-30,2738,29095,GDPR_REQUEST,France,Lunel,True,True,True,True,True,True,False,True,True,Lustucru gnocchi a poêler format xxl 720g,"Lustucru, Lustucru selection","[""en:plant-based-foods-and-beverages"", ""en:plant-based-foods"", ""en:cereals-and-potatoes"", ""en:frozen-foods"", ""en:cereals-and-their-products"", ""en:potatoes-and-their-products"", ""en:pastas"", ""en:cereal-pastas"", ""en:fresh-pasta"", ""en:gnocchi"", ""en:gnocchi-of-durum-wheat-semolina"", ""en:potato-gnocchi""]",c,3.0,b04956fb72164d0aa169caa42e9bfdbb13617cfbe2044d789ec498de0fa4d998,2026-09-06T22:57:12.552522+00:00,1788452995,NO_VERIFICABLE_HISTORICAMENTE,,,,2024,5,3,False
98718,PRODUCT,3240931548135,,3.130,,EUR,2024-06-20,2738,29095,GDPR_REQUEST,France,Lunel,True,True,True,True,True,True,False,True,True,Lustucru gnocchi a poêler format xxl 720g,"Lustucru, Lustucru selection","[""en:plant-based-foods-and-beverages"", ""en:plant-based-foods"", ""en:cereals-and-potatoes"", ""en:frozen-foods"", ""en:cereals-and-their-products"", ""en:potatoes-and-their-products"", ""en:pastas"", ""en:cereal-pastas"", ""en:fresh-pasta"", ""en:gnocchi"", ""en:gnocchi-of-durum-wheat-semolina"", ""en:potato-gnocchi""]",c,3.0,b04956fb72164d0aa169caa42e9bfdbb13617cfbe2044d789ec498de0fa4d998,2026-09-06T22:57:12.552522+00:00,1788452995,NO_VERIFICABLE_HISTORICAMENTE,,,,2024,6,3,False
98985,PRODUCT,3240931548135,,3.190,,EUR,2024-08-30,2738,29095,GDPR_REQUEST,France,Lunel,True,True,True,True,True,True,False,True,True,Lustucru gnocchi a poêler format xxl 720g,"Lustucru, Lustucru selection","[""en:plant-based-foods-and-beverages"", ""en:plant-based-foods"", ""en:cereals-and-potatoes"", ""en:frozen-foods"", ""en:cereals-and-their-products"", ""en:potatoes-and-their-products"", ""en:pastas"", ""en:cereal-pastas"", ""en:fresh-pasta"", ""en:gnocchi"", ""en:gnocchi-of-durum-wheat-semolina"", ""en:potato-gnocchi""]",c,3.0,b04956fb72164d0aa169caa42e9bfdbb13617cfbe2044d789ec498de0fa4d998,2026-09-06T22:57:12.552522+00:00,1788452995,NO_VERIFICABLE_HISTORICAMENTE,,,,2024,8,4,False
99142,PRODUCT,3240931548135,,3.100,,EUR,2024-10-16,2738,29095,GDPR_REQUEST,France,Lunel,True,True,True,True,True,True,False,True,True,Lustucru gnocchi a poêler format xxl 720g,"Lustucru, Lustucru selection","[""en:plant-based-foods-and-beverages"", ""en:plant-based-foods"", ""en:cereals-and-potatoes"", ""en:frozen-foods"", ""en:cereals-and-their-products"", ""en:potatoes-and-their-products"", ""en:pastas"", ""en:cereal-pastas"", ""en:fresh-pasta"", ""en:gnocchi"", ""en:gnocchi-of-durum-wheat-semolina"", ""en:potato-gnocchi""]",c,3.0,b04956fb72164d0aa169caa42e9bfdbb13617cfbe2044d789ec498de0fa4d998,2026-09-06T22:57:12.552522+00:00,1788452995,NO_VERIFICABLE_HISTORICAMENTE,,,,2024,10,2,False
99224,PRODUCT,3240931548135,,3.130,,EUR,2024-11-16,2738,29095,GDPR_REQUEST,France,Lunel,True,True,True,True,True,True,False,True,True,Lustucru gnocchi a poêler format xxl 720g,"Lustucru, Lustucru selection","[""en:plant-based-foods-and-beverages"", ""en:plant-based-foods"", ""en:cereals-and-potatoes"", ""en:frozen-foods"", ""en:cereals-and-their-products"", ""en:potatoes-and-their-products"", ""en:pastas"", ""en:cereal-pastas"", ""en:fresh-pasta"", ""en:gnocchi"", ""en:gnocchi-of-durum-wheat-semolina"", ""en:potato-gnocchi""]",c,3.0,b04956fb72164d0aa169caa42e9bfdbb13617cfbe2044d789ec498de0fa4d998,2026-09-06T22:57:12.552522+00:00,1788452995,NO_VERIFICABLE_HISTORICAMENTE,,,,2024,11,5,False
99299,PRODUCT,3240931548135,,3.130,,EUR,2024-12-05,2738,29095,GDPR_REQUEST,France,Lunel,True,True,True,True,True,True,False,True,True,Lustucru gnocchi a poêler format xxl 720g,"Lustucru, Lustucru selection","[""en:plant-based-foods-and-beverages"", ""en:plant-based-foods"", ""en:cereals-and-potatoes"", ""en:frozen-foods"", ""en:cereals-and-their-products"", ""en:potatoes-and-their-products"", ""en:pastas"", ""en:cereal-pastas"", ""en:fresh-pasta"", ""en:gnocchi"", ""en:gnocchi-of-durum-wheat-semolina"", ""en:potato-gnocchi""]",c,3.0,b04956fb72164d0aa169caa42e9bfdbb13617cfbe2044d789ec498de0fa4d998,2026-09-06T22:57:12.552522+00:00,1788452995,NO_VERIFICABLE_HISTORICAMENTE,,,,2024,12,3,False
99438,PRODUCT,3240931548135,,2.970,,EUR,2025-01-11,2738,29095,GDPR_REQUEST,France,Lunel,True,True,True,True,True,True,False,True,True,Lustucru gnocchi a poêler format xxl 720g,"Lustucru, Lustucru selection","[""en:plant-based-foods-and-beverages"", ""en:plant-based-foods"", ""en:cereals-and-potatoes"", ""en:frozen-foods"", ""en:cereals-and-their-products"", ""en:potatoes-and-their-products"", ""en:pastas"", ""en:cereal-pastas"", ""en:fresh-pasta"", ""en:gnocchi"", ""en:gnocchi-of-durum-wheat-semolina"", ""en:potato-gnocchi""]",c,3.0,b04956fb72164d0aa169caa42e9bfdbb13617cfbe2044d789ec498de0fa4d998,2026-09-06T22:57:12.552522+00:00,1788452995,NO_VERIFICABLE_HISTORICAMENTE,,,,2025,1,5,False
99533,PRODUCT,3240931548135,,3.070,,EUR,2025-01-28,2738,29095,GDPR_REQUEST,France,Lunel,True,True,True,True,True,True,False,True,True,Lustucru gnocchi a poêler format xxl 720g,"Lustucru, Lustucru selection","[""en:plant-based-foods-and-beverages"", ""en:plant-based-foods"", ""en:cereals-and-potatoes"", ""en:frozen-foods"", ""en:cereals-and-their-products"", ""en:potatoes-and-their-products"", ""en:pastas"", ""en:cereal-pastas"", ""en:fresh-pasta"", ""en:gnocchi"", ""en:gnocchi-of-durum-wheat-semolina"", ""en:potato-gnocchi""]",c,3.0,b04956fb72164d0aa169caa42e9bfdbb13617cfbe2044d789ec498de0fa4d998,2026-09-06T22:57:12.552522+00:00,1788452995,NO_VERIFICABLE_HISTORICAMENTE,,,,2025,1,1,False
99593,PRODUCT,3240931548135,,3.080,,EUR,2025-02-11,2738,29095,GDPR_REQUEST,France,Lunel,True,True,True,True,True,True,False,True,True,Lustucru gnocchi a poêler format xxl 720g,"Lustucru, Lustucru selection","[""en:plant-based-foods-and-beverages"", ""en:plant-based-foods"", ""en:cereals-and-potatoes"", ""en:frozen-foods"", ""en:cereals-and-their-products"", ""en:potatoes-and-their-products"", ""en:pastas"", ""en:cereal-pastas"", ""en:fresh-pasta"", ""en:gnocchi"", ""en:gnocchi-of-durum-wheat-semolina"", ""en:potato-gnocchi""]",c,3.0,b04956fb72164d0aa169caa42e9bfdbb13617cfbe2044d789ec498de0fa4d998,2026-09-06T22:57:12.552522+00:00,1788452995,NO_VERIFICABLE_HISTORICAMENTE,,,,2025,2,1,False
99641,PRODUCT,3240931548135,,3.080,,EUR,2025-02-22,2738,29095,GDPR_REQUEST,France,Lunel,True,True,True,True,True,True,False,True,True,Lustucru gnocchi a poêler format xxl 720g,"Lustucru, Lustucru selection","[""en:plant-based-foods-and-beverages"", ""en:plant-based-foods"", ""en:cereals-and-potatoes"", ""en:frozen-foods"", ""en:cereals-and-their-products"", ""en:potatoes-and-their-products"", ""en:pastas"", ""en:cereal-pastas"", ""en:fresh-pasta"", ""en:gnocchi"", ""en:gnocchi-of-durum-wheat-semolina"", ""en:potato-gnocchi""]",c,3.0,b04956fb72164d0aa169caa42e9bfdbb13617cfbe2044d789ec498de0fa4d998,2026-09-06T22:57:12.552522+00:00,1788452995,NO_VERIFICABLE_HISTORICAMENTE,,,,2025,2,5,False
99728,PRODUCT,3240931548135,,2.930,,EUR,2025-03-18,2738,29095,GDPR_REQUEST,France,Lunel,True,True,True,True,True,True,False,True,True,Lustucru gnocchi a poêler format xxl 720g,"Lustucru, Lustucru selection","[""en:plant-based-foods-and-beverages"", ""en:plant-based-foods"", ""en:cereals-and-potatoes"", ""en:frozen-foods"", ""en:cereals-and-their-products"", ""en:potatoes-and-their-products"", ""en:pastas"", ""en:cereal-pastas"", ""en:fresh-pasta"", ""en:gnocchi"", ""en:gnocchi-of-durum-wheat-semolina"", ""en:potato-gnocchi""]",c,3.0,b04956fb72164d0aa169caa42e9bfdbb13617cfbe2044d789ec498de0fa4d998,2026-09-06T22:57:12.552522+00:00,1788452995,NO_VERIFICABLE_HISTORICAMENTE,,,,2025,3,1,False
99829,PRODUCT,3240931548135,,2.930,,EUR,2025-04-14,2738,29095,GDPR_REQUEST,France,Lunel,True,True,True,True,True,True,False,True,True,Lustucru gnocchi a poêler format xxl 720g,"Lustucru, Lustucru selection","[""en:plant-based-foods-and-beverages"", ""en:plant-based-foods"", ""en:cereals-and-potatoes"", ""en:frozen-foods"", ""en:cereals-and-their-products"", ""en:potatoes-and-their-products"", ""en:pastas"", ""en:cereal-pastas"", ""en:fresh-pasta"", ""en:gnocchi"", ""en:gnocchi-of-durum-wheat-semolina"", ""en:potato-gnocchi""]",c,3.0,b04956fb72164d0aa169caa42e9bfdbb13617cfbe2044d789ec498de0fa4d998,2026-09-06T22:57:12.552522+00:00,1788452995,NO_VERIFICABLE_HISTORICAMENTE,,,,2025,4,0,False
100199,PRODUCT,3222471055113,,1.230,,EUR,2025-02-05,131,21379,PRICE_TAG,France,Grenoble,True,True,True,True,True,True,True,True,True,Ratatouille à la provençale,Casino,"[""en:plant-based-foods-and-beverages"", ""en:plant-based-foods"", ""en:canned-foods"", ""en:meals"", ""en:prepared-vegetables"", ""en:canned-meals"", ""en:ratatouille"", ""fr:Légumes en conserve et bocal""]",a,4.0,0ff927686f202acd17f237c6d0bced14a9c27c80c5186c9fb1f4ce12a12516ef,2026-09-06T22:57:07.177192+00:00,1773978824,NO_VERIFICABLE_HISTORICAMENTE,151887257a3fee7232a4dc3cfdf79e4f032686dd90142e74fd00821de24f9b76,PRICE_TAG,2,2025,2,2,True
102923,PRODUCT,3760020507916,,3.390,,EUR,2025-05-03,3,30330,PRICE_TAG,France,Grenoble,True,True,True,True,True,True,False,True,True,Gaufrettes chocolat,"Jardin Bio étic, Jardin biologique, Léa Nature","[""en:snacks"", ""en:desserts"", ""en:sweet-snacks"", ""en:biscuits-and-cakes"", ""en:biscuits-and-crackers"", ""en:biscuits"", ""en:wafers"", ""en:chocolate-biscuits"", ""en:stuffed-wafers"", ""en:chocolate-stuffed-wafers""]",e,3.0,d9cea108ffaf5dd04b2e00df5ad1901015599cd34b55021ed1fc14aee7cff222,2026-09-05T19:36:23.581606+00:00,1773441594,NO_VERIFICABLE_HISTORICAMENTE,,,,2025,5,5,False
104090,PRODUCT,3165959213028,,2.850,,EUR,2025-05-07,2740,30467,PRICE_TAG,France,Paris,True,True,True,True,True,True,False,True,True,Saupiquet - Thon à la Catalane,Saupiquet,"[""en:seafood"", ""en:fishes-and-their-products"", ""en:canned-foods"", ""en:fishes"", ""en:fatty-fishes"", ""en:meals"", ""en:canned-fishes"", ""en:tunas"", ""en:meals-with-fish"", ""en:tuna-in-catalan-style""]",c,4.0,211e36bf2792ead092a9301b7f45bcdb8033e2dc0fc9a4c394665ad8fbd7fb7d,2026-09-06T22:56:56.295961+00:00,1779304745,NO_VERIFICABLE_HISTORICAMENTE,,,,2025,5,2,False
113912,PRODUCT,3033491279294,,2.450,,EUR,2025-05-16,1831,32589,RECEIPT,France,Clichy,True,True,True,True,True,True,True,True,True,Danette double saveur vanille & chocolat,Danone,"[""en:dairies"", ""en:desserts"", ""en:dairy-desserts"", ""en:entremets-mousses-and-creamy-puddings"", ""en:chocolate-desserts"", ""en:creamy-puddings"", ""en:chocolate-creamy-puddings"", ""en:refrigerated-chocolate-creamy-puddings"", ""en:Crèmes dessert vanille chocolat""]",c,4.0,9337b9a8f828d3fea0132867547feb3b4db77b28595412f789507994a62bf174,2026-09-06T22:56:19.683954+00:00,1773985823,NO_VERIFICABLE_HISTORICAMENTE,499801229aa8485911dcddbed82a7c558b4a680f28cab95a31d729b938f551b1,RECEIPT,2,2025,5,4,True
113956,PRODUCT,8719200265578,,2.990,,GBP,2025-05-16,364,32593,RECEIPT,United Kingdom,Hartlepool,True,True,True,True,True,True,False,True,True,Flora,Flora,"[""en:plant-based-foods-and-beverages"", ""en:plant-based-foods"", ""en:spreads"", ""en:fats"", ""en:plant-based-spreads"", ""en:salted-spreads"", ""en:vegetable-fats"", ""en:spreadable-fats"", ""en:margarines""]",d,4.0,520aff3fa700c59840ef713438cf96ff94a460835c93e43168e3db4c8b5fe974,2026-09-06T23:00:41.742163+00:00,1774538102,NO_VERIFICABLE_HISTORICAMENTE,,,,2025,5,4,False
113959,PRODUCT,8719200265578,,3.250,,GBP,2025-05-16,342,32590,RECEIPT,United Kingdom,Hartlepool,True,True,True,True,True,True,True,True,True,Flora,Flora,"[""en:plant-based-foods-and-beverages"", ""en:plant-based-foods"", ""en:spreads"", ""en:fats"", ""en:plant-based-spreads"", ""en:salted-spreads"", ""en:vegetable-fats"", ""en:spreadable-fats"", ""en:margarines""]",d,4.0,520aff3fa700c59840ef713438cf96ff94a460835c93e43168e3db4c8b5fe974,2026-09-06T23:00:41.742163+00:00,1774538102,NO_VERIFICABLE_HISTORICAMENTE,8be1663eb8f8c22329a8ba62a712c135540bcdb71cd468d9036f7dba57103ec4,RECEIPT,2,2025,5,4,True
115858,PRODUCT,3019089042228,,1.840,,EUR,2025-05-20,171,32938,PRICE_TAG,France,Échirolles,True,True,True,True,True,True,False,True,True,Rilettes de thon,Petit Navire,"[""en:seafood"", ""en:fishes-and-their-products"", ""en:fishes"", ""en:spreads"", ""en:fatty-fishes"", ""en:salted-spreads"", ""en:rillettes"", ""en:tunas"", ""en:fish-preparations"", ""en:fish-rillettes"", ""en:tuna-preparations"", ""en:tuna-rillettes""]",b,4.0,93fb7c44d4b195f9d413ab31e4a27740bd30a9145da7f06004d0449b96b9eadc,2026-09-06T22:56:14.270975+00:00,1774494952,NO_VERIFICABLE_HISTORICAMENTE,,,,2025,5,1,False
116485,PRODUCT,3256224255017,,1.760,,EUR,2025-05-20,992,33203,PRICE_TAG,France,Grenoble,True,True,True,True,True,True,False,True,True,Oeufs poules plein air calibre mixte,U,"[""en:frozen-foods"", ""en:eggs-and-their-products"", ""en:farming-products"", ""en:eggs"", ""en:chicken-eggs"", ""en:free-range-chicken-eggs""]",a,1.0,81b66f20413d062b6a7737d2826aca2311d95374ade3133be3ec7904307bce1c,2026-09-06T22:57:39.117822+00:00,1787757354,NO_VERIFICABLE_HISTORICAMENTE,,,,2025,5,1,False
117486,PRODUCT,3770018078151,,2.330,,EUR,2025-05-23,2965,33476,RECEIPT,France,Les Abrets,True,True,True,True,True,True,False,True,True,Bacon Vegetal Fumé,LA VIE,"[""en:meat-alternatives"", ""en:meat-analogues"", ""en:meat-analogues-from-soy-or-wheat-proteins"", ""en:bacon-substitutes"", ""en:meat-analogues-from-pea-proteins""]",d,4.0,d3b2de87961cdb4eaa4161956fe1fcc83469f0fe7c6ee05e5f930f9de9c32413,2026-09-06T22:59:23.891534+00:00,1782220495,NO_VERIFICABLE_HISTORICAMENTE,,,,2025,5,4,False
118542,PRODUCT,3560070283484,,1.250,,EUR,2025-06-01,40,33959,RECEIPT,France,Paris,True,True,True,True,True,True,False,True,True,Épinards,Carrefour,"[""en:plant-based-foods-and-beverages"", ""en:plant-based-foods"", ""en:fruits-and-vegetables-based-foods"", ""en:vegetable-based-foods-and-beverages"", ""en:canned-foods"", ""en:vegetables-based-foods"", ""en:canned-plant-based-foods"", ""en:vegetables"", ""en:canned-vegetables"", ""en:leaf-vegetables"", ""en:spinachs"", ""en:canned-spinachs""]",a,3.0,24fd7006bec7ae662e98251226eb42439e6c7802223600ca61ccf96263d702be,2026-09-05T19:35:58.464842+00:00,1773439699,NO_VERIFICABLE_HISTORICAMENTE,,,,2025,6,6,False
119595,PRODUCT,3560070283484,,1.250,,EUR,2025-06-06,40,34353,RECEIPT,France,Paris,True,True,True,True,True,True,False,True,True,Épinards,Carrefour,"[""en:plant-based-foods-and-beverages"", ""en:plant-based-foods"", ""en:fruits-and-vegetables-based-foods"", ""en:vegetable-based-foods-and-beverages"", ""en:canned-foods"", ""en:vegetables-based-foods"", ""en:canned-plant-based-foods"", ""en:vegetables"", ""en:canned-vegetables"", ""en:leaf-vegetables"", ""en:spinachs"", ""en:canned-spinachs""]",a,3.0,24fd7006bec7ae662e98251226eb42439e6c7802223600ca61ccf96263d702be,2026-09-05T19:35:58.464842+00:00,1773439699,NO_VERIFICABLE_HISTORICAMENTE,,,,2025,6,4,False
121130,PRODUCT,3456300014556,,3.050,,EUR,2025-06-16,3,35262,PRICE_TAG,France,Grenoble,True,True,True,True,True,True,False,True,True,Fourrés Chocolat🍫,"Jardin Bio étic, jardin bio étic Léa Nature","[""en:snacks"", ""en:frozen-foods"", ""en:sweet-snacks"", ""en:biscuits-and-cakes"", ""en:biscuits-and-crackers"", ""en:biscuits"", ""en:filled-biscuits""]",d,3.0,28163a9aa69ae9dc57a947e50ab8cfa93c424eb067341d182af5a868ba9d1823,2026-09-06T22:58:37.175429+00:00,1788508142,NO_VERIFICABLE_HISTORICAMENTE,,,,2025,6,0,False
121158,PRODUCT,3760020507916,,3.390,,EUR,2025-06-16,3,35263,PRICE_TAG,France,Grenoble,True,True,True,True,True,True,False,True,True,Gaufrettes chocolat,"Jardin Bio étic, Jardin biologique, Léa Nature","[""en:snacks"", ""en:desserts"", ""en:sweet-snacks"", ""en:biscuits-and-cakes"", ""en:biscuits-and-crackers"", ""en:biscuits"", ""en:wafers"", ""en:chocolate-biscuits"", ""en:stuffed-wafers"", ""en:chocolate-stuffed-wafers""]",e,3.0,d9cea108ffaf5dd04b2e00df5ad1901015599cd34b55021ed1fc14aee7cff222,2026-09-05T19:36:23.581606+00:00,1773441594,NO_VERIFICABLE_HISTORICAMENTE,,,,2025,6,0,False
122034,PRODUCT,3412290023909,,179.000,,THB,2025-06-08,3175,35591,PRICE_TAG,ประเทศไทย,กรุงเทพมหานคร,True,True,True,True,True,True,False,True,True,Paysan Breton - L'Emmental Français Râpé,Paysan Breton,"[""en:dairies"", ""en:fermented-foods"", ""en:fermented-milk-products"", ""en:cheeses"", ""en:cow-cheeses"", ""en:hard-cheeses"", ""en:emmentaler"", ""en:french-cheeses"", ""en:french-emmentaler"", ""en:grated-cheese"", ""en:grated-emmentaler""]",c,3.0,5be80ad8e7d2bced097cf2d67f047b42504ca05afb54346eda40e5496110d8e3,2026-09-05T19:37:03.716173+00:00,1773777515,NO_VERIFICABLE_HISTORICAMENTE,,,,2025,6,6,False
122184,PRODUCT,3302740047312,,3.150,,EUR,2025-06-23,2999,35645,PRICE_TAG,France,Vandœuvre-lès-Nancy,True,True,True,True,True,True,False,True,True,Simplement bon - 25% de Sel*,Fleury Michon,"[""en:meats-and-their-products"", ""en:specific-products"", ""en:meats"", ""en:pork-and-its-products"", ""en:prepared-meats"", ""en:products-for-specific-diets"", ""en:hams"", ""en:prepared-pork-meats"", ""en:white-hams"", ""en:cooked-ham-of-superior-quality"", ""en:products-with-reduced-salt"", ""en:cooked-ham-superior-quality-reduced-salt"", ""en:prepared-meats-with-less-salt"", ""en:white-hams-with-less-salt""]",c,4.0,c6e416d7690beab36142fe27c4cfe15cba0edd1a6291fa0004a1c84a22a7a8bb,2026-09-06T22:58:11.178014+00:00,1774471953,NO_VERIFICABLE_HISTORICAMENTE,,,,2025,6,0,False
122355,PRODUCT,3560070206469,,3.410,,EUR,2025-06-24,1471,35724,PRICE_TAG,France,Baie-Mahault,True,True,True,True,True,True,False,True,True,Champignons de Paris,Carrefour,"[""en:plant-based-foods-and-beverages"", ""en:plant-based-foods"", ""en:fruits-and-vegetables-based-foods"", ""en:vegetable-based-foods-and-beverages"", ""en:canned-foods"", ""en:vegetables-based-foods"", ""en:canned-plant-based-foods"", ""en:mushrooms-and-their-products"", ""en:mushrooms"", ""en:canned-mushrooms"", ""en:champignon-mushrooms"", ""en:canned-champignon-mushrooms"", ""en:canned-sliced-champignon-mushrooms""]",a,3.0,106436df1ad8f8c78b20c27234f836affc256b833f79b363d0f5e26f12ddbc12,2026-09-05T19:36:03.576421+00:00,1788512835,NO_VERIFICABLE_HISTORICAMENTE,,,,2025,6,1,False
123683,PRODUCT,3760020507916,,3.350,,EUR,2025-07-04,345,36546,RECEIPT,France,Paris,True,True,True,True,True,True,False,True,True,Gaufrettes chocolat,"Jardin Bio étic, Jardin biologique, Léa Nature","[""en:snacks"", ""en:desserts"", ""en:sweet-snacks"", ""en:biscuits-and-cakes"", ""en:biscuits-and-crackers"", ""en:biscuits"", ""en:wafers"", ""en:chocolate-biscuits"", ""en:stuffed-wafers"", ""en:chocolate-stuffed-wafers""]",e,3.0,d9cea108ffaf5dd04b2e00df5ad1901015599cd34b55021ed1fc14aee7cff222,2026-09-05T19:36:23.581606+00:00,1773441594,NO_VERIFICABLE_HISTORICAMENTE,,,,2025,7,4,False
123745,PRODUCT,3560070283484,,1.250,,EUR,2025-07-04,40,36561,RECEIPT,France,Paris,True,True,True,True,True,True,False,True,True,Épinards,Carrefour,"[""en:plant-based-foods-and-beverages"", ""en:plant-based-foods"", ""en:fruits-and-vegetables-based-foods"", ""en:vegetable-based-foods-and-beverages"", ""en:canned-foods"", ""en:vegetables-based-foods"", ""en:canned-plant-based-foods"", ""en:vegetables"", ""en:canned-vegetables"", ""en:leaf-vegetables"", ""en:spinachs"", ""en:canned-spinachs""]",a,3.0,24fd7006bec7ae662e98251226eb42439e6c7802223600ca61ccf96263d702be,2026-09-05T19:35:58.464842+00:00,1773439699,NO_VERIFICABLE_HISTORICAMENTE,,,,2025,7,4,False
124568,PRODUCT,3560071266721,,1.690,,EUR,2025-07-07,3356,36905,RECEIPT,France,Le Havre,True,True,True,True,True,True,False,True,True,Frimouss' au chocolat,Carrefour,"[""en:snacks"", ""en:sweet-snacks"", ""en:biscuits-and-cakes"", ""en:biscuits-and-crackers"", ""en:biscuits"", ""en:chocolate-biscuits""]",e,4.0,77addbcf09f1edb4dd42a25c757ab4bec013498d6ec3e5d9be12e66bc04b0951,2026-09-06T22:58:47.721076+00:00,1783494330,NO_VERIFICABLE_HISTORICAMENTE,,,,2025,7,0,False
128371,PRODUCT,3560070283484,,1.250,,EUR,2025-07-26,40,38915,RECEIPT,France,Paris,True,True,True,True,True,True,False,True,True,Épinards,Carrefour,"[""en:plant-based-foods-and-beverages"", ""en:plant-based-foods"", ""en:fruits-and-vegetables-based-foods"", ""en:vegetable-based-foods-and-beverages"", ""en:canned-foods"", ""en:vegetables-based-foods"", ""en:canned-plant-based-foods"", ""en:vegetables"", ""en:canned-vegetables"", ""en:leaf-vegetables"", ""en:spinachs"", ""en:canned-spinachs""]",a,3.0,24fd7006bec7ae662e98251226eb42439e6c7802223600ca61ccf96263d702be,2026-09-05T19:35:58.464842+00:00,1773439699,NO_VERIFICABLE_HISTORICAMENTE,,,,2025,7,5,False
129026,PRODUCT,2000000152949,,10.000,,AFN,2025-07-28,3514,39163,PRICE_TAG,افغانستان,کابل,True,True,True,True,True,True,True,True,True,Bazim khamosh choco popcorn,Bazim khamosh,"[""en:Child-and-parents"", ""en:healthy""]",a,,5687e94ec6e65d52b447957b81bf082365c32eb2974cc389ef4954113daa4f89,2026-09-06T22:55:58.454061+00:00,1774555207,NO_VERIFICABLE_HISTORICAMENTE,ca7032a36c9199cf92707b9d7aaa421acc131282c95f1d0edb9af39ff3d93c95,PRICE_TAG,2,2025,7,0,True
129641,PRODUCT,3560070283484,,1.250,,EUR,2025-07-31,40,39647,RECEIPT,France,Paris,True,True,True,True,True,True,False,True,True,Épinards,Carrefour,"[""en:plant-based-foods-and-beverages"", ""en:plant-based-foods"", ""en:fruits-and-vegetables-based-foods"", ""en:vegetable-based-foods-and-beverages"", ""en:canned-foods"", ""en:vegetables-based-foods"", ""en:canned-plant-based-foods"", ""en:vegetables"", ""en:canned-vegetables"", ""en:leaf-vegetables"", ""en:spinachs"", ""en:canned-spinachs""]",a,3.0,24fd7006bec7ae662e98251226eb42439e6c7802223600ca61ccf96263d702be,2026-09-05T19:35:58.464842+00:00,1773439699,NO_VERIFICABLE_HISTORICAMENTE,,,,2025,7,3,False
130332,PRODUCT,3560070283484,,1.250,,EUR,2025-08-04,40,40153,RECEIPT,France,Paris,True,True,True,True,True,True,False,True,True,Épinards,Carrefour,"[""en:plant-based-foods-and-beverages"", ""en:plant-based-foods"", ""en:fruits-and-vegetables-based-foods"", ""en:vegetable-based-foods-and-beverages"", ""en:canned-foods"", ""en:vegetables-based-foods"", ""en:canned-plant-based-foods"", ""en:vegetables"", ""en:canned-vegetables"", ""en:leaf-vegetables"", ""en:spinachs"", ""en:canned-spinachs""]",a,3.0,24fd7006bec7ae662e98251226eb42439e6c7802223600ca61ccf96263d702be,2026-09-05T19:35:58.464842+00:00,1773439699,NO_VERIFICABLE_HISTORICAMENTE,,,,2025,8,0,False
130883,PRODUCT,3019089042228,,2.590,,EUR,2025-08-07,3610,40423,PRICE_TAG,France,Nancy,True,True,True,True,True,True,False,True,True,Rilettes de thon,Petit Navire,"[""en:seafood"", ""en:fishes-and-their-products"", ""en:fishes"", ""en:spreads"", ""en:fatty-fishes"", ""en:salted-spreads"", ""en:rillettes"", ""en:tunas"", ""en:fish-preparations"", ""en:fish-rillettes"", ""en:tuna-preparations"", ""en:tuna-rillettes""]",b,4.0,93fb7c44d4b195f9d413ab31e4a27740bd30a9145da7f06004d0449b96b9eadc,2026-09-06T22:56:14.270975+00:00,1774494952,NO_VERIFICABLE_HISTORICAMENTE,,,,2025,8,3,False
131242,PRODUCT,8002470031937,,5.990,,EUR,2023-11-04,520,40781,RECEIPT,Deutschland,Fellbach,True,True,True,True,True,True,False,True,True,Olivenöl Natives Extra Gentile SANFT,Bertolli,"[""en:plant-based-foods-and-beverages"", ""en:plant-based-foods"", ""en:fats"", ""en:vegetable-fats"", ""en:olive-tree-products"", ""en:vegetable-oils"", ""en:olive-oils"", ""en:virgin-olive-oils"", ""en:extra-virgin-olive-oils""]",b,,5ed04ecae15a2bfd56b323e17f5ef6ad42d9f0885a52949aadc91d5404ab7a6b,2026-09-06T23:00:26.212094+00:00,1785266186,NO_VERIFICABLE_HISTORICAMENTE,,,,2023,11,5,False
131456,PRODUCT,3038359004544,,1.150,,EUR,2025-08-11,47,40974,RECEIPT,France,Vincennes,True,True,True,True,True,True,False,True,True,Sauce Tomate concentrée cuisinée aux petits légumes,"Panzani, panzani","[""en:plant-based-foods-and-beverages"", ""en:plant-based-foods"", ""en:fruits-and-vegetables-based-foods"", ""en:vegetable-based-foods-and-beverages"", ""en:condiments"", ""en:vegetables-based-foods"", ""en:tomatoes-and-their-products"", ""en:sauces"", ""en:tomato-sauces"", ""en:meal-kits""]",d,4.0,1525ef9c4b93a3b937a69eaec8f574478094d6ae7f1cef983e3d35932dc3445a,2026-09-06T22:56:35.694423+00:00,1787478069,NO_VERIFICABLE_HISTORICAMENTE,,,,2025,8,0,False
136439,PRODUCT,3500390010247,,17.850,,EUR,2025-09-01,1,46966,RECEIPT,France,Grenoble,True,True,True,True,True,True,False,True,True,Ravioles du Dauphiné,Maison Rambert,"[""en:meals"", ""en:pasta-dishes"", ""en:stuffed-pastas"", ""fr:ravioles""]",d,4.0,b8c4d0dc28df773eacb84b3b8e73410830a3f89b708e550e0ef3c9a9a4294f8f,2026-09-05T19:36:13.571074+00:00,1788534815,NO_VERIFICABLE_HISTORICAMENTE,,,,2025,9,0,False
136973,PRODUCT,3038359004544,,1.150,,EUR,2025-09-05,47,47465,RECEIPT,France,Vincennes,True,True,True,True,True,True,False,True,True,Sauce Tomate concentrée cuisinée aux petits légumes,"Panzani, panzani","[""en:plant-based-foods-and-beverages"", ""en:plant-based-foods"", ""en:fruits-and-vegetables-based-foods"", ""en:vegetable-based-foods-and-beverages"", ""en:condiments"", ""en:vegetables-based-foods"", ""en:tomatoes-and-their-products"", ""en:sauces"", ""en:tomato-sauces"", ""en:meal-kits""]",d,4.0,1525ef9c4b93a3b937a69eaec8f574478094d6ae7f1cef983e3d35932dc3445a,2026-09-06T22:56:35.694423+00:00,1787478069,NO_VERIFICABLE_HISTORICAMENTE,,,,2025,9,4,False
137193,PRODUCT,3019089042228,,2.190,,EUR,2025-09-08,3269,47677,PRICE_TAG,France,Jarville-la-Malgrange,True,True,True,True,True,True,False,True,True,Rilettes de thon,Petit Navire,"[""en:seafood"", ""en:fishes-and-their-products"", ""en:fishes"", ""en:spreads"", ""en:fatty-fishes"", ""en:salted-spreads"", ""en:rillettes"", ""en:tunas"", ""en:fish-preparations"", ""en:fish-rillettes"", ""en:tuna-preparations"", ""en:tuna-rillettes""]",b,4.0,93fb7c44d4b195f9d413ab31e4a27740bd30a9145da7f06004d0449b96b9eadc,2026-09-06T22:56:14.270975+00:00,1774494952,NO_VERIFICABLE_HISTORICAMENTE,,,,2025,9,0,False
140661,PRODUCT,0021130494859,,2.990,,USD,2025-09-22,3998,48873,PRICE_TAG,United States,Mountain View,True,True,True,True,True,True,True,True,True,Traditional pasta sauce,,"[""en:condiments"", ""en:sauces"", ""en:Groceries""]",a,3.0,86e7f3a3babcfb308826d3e0ec333046f5adc347ac8312bf9121b03d6ab78c92,2026-09-06T22:55:27.278151+00:00,1587659756,NO_VERIFICABLE_HISTORICAMENTE,0e906f2ed2214b3b5ef6f0fc41ab687bb0da09e6d7d8dc214f420d927fc5315a,PRICE_TAG,2,2025,9,0,True
140811,PRODUCT,3760020507916,,3.390,,EUR,2025-09-25,3,49073,PRICE_TAG,France,Grenoble,True,True,True,True,True,True,False,True,True,Gaufrettes chocolat,"Jardin Bio étic, Jardin biologique, Léa Nature","[""en:snacks"", ""en:desserts"", ""en:sweet-snacks"", ""en:biscuits-and-cakes"", ""en:biscuits-and-crackers"", ""en:biscuits"", ""en:wafers"", ""en:chocolate-biscuits"", ""en:stuffed-wafers"", ""en:chocolate-stuffed-wafers""]",e,3.0,d9cea108ffaf5dd04b2e00df5ad1901015599cd34b55021ed1fc14aee7cff222,2026-09-05T19:36:23.581606+00:00,1773441594,NO_VERIFICABLE_HISTORICAMENTE,,,,2025,9,3,False
141190,PRODUCT,0021130494859,,2.990,,USD,2025-09-22,3998,48834,PRICE_TAG,United States,Mountain View,True,True,True,True,True,True,False,True,True,Traditional pasta sauce,,"[""en:condiments"", ""en:sauces"", ""en:Groceries""]",a,3.0,86e7f3a3babcfb308826d3e0ec333046f5adc347ac8312bf9121b03d6ab78c92,2026-09-06T22:55:27.278151+00:00,1587659756,NO_VERIFICABLE_HISTORICAMENTE,,,,2025,9,0,False
147185,PRODUCT,0796252300295,,6.990,,USD,2025-10-06,4120,51285,RECEIPT,United States,Mountain View,True,True,True,True,True,True,False,True,True,"Lassi Yogurt Drink, Mango",Gopi,"[""en:beverages-and-beverages-preparations"", ""en:beverages"", ""en:dairies"", ""en:fermented-foods"", ""en:fermented-milk-products"", ""en:dairy-drinks"", ""en:fermented-drinks"", ""en:fermented-milk-drinks"", ""en:lassi""]",unknown,4.0,b9c1a7020fb92a32dd7da45f4f8319885d9df52dbc6e9d22b22355cd68e7e898,2026-09-06T22:55:48.204951+00:00,1780500088,NO_VERIFICABLE_HISTORICAMENTE,,,,2025,10,0,False
147347,PRODUCT,3033491451652,,2.430,,EUR,2025-07-28,4214,51293,RECEIPT,,,True,True,True,True,True,True,False,True,True,"Le petit suisse gervais nature 9,5 % 60 g x 12",GERVAIS,"[""en:dairies"", ""en:fermented-foods"", ""en:fermented-milk-products"", ""en:desserts"", ""en:dairy-desserts"", ""en:fermented-dairy-desserts"", ""en:fromages-blancs-petit-suisses-and-skyr"", ""en:petits-suisses"", ""en:plain-fermented-dairy-desserts"", ""en:plain-petit-suisse"", ""fr:fromages-blancs""]",c,1.0,4f4f349aabb1015eafbf3f0f76a06dc782c3b0cb841cf9095ed4cf9c1f2e1ec0,2026-09-05T19:37:13.847004+00:00,1788543018,NO_VERIFICABLE_HISTORICAMENTE,,,,2025,7,0,False
147494,PRODUCT,3760020507916,,3.450,,EUR,2025-10-07,1185,51323,PRICE_TAG,France,Lyon,True,True,True,True,True,True,False,True,True,Gaufrettes chocolat,"Jardin Bio étic, Jardin biologique, Léa Nature","[""en:snacks"", ""en:desserts"", ""en:sweet-snacks"", ""en:biscuits-and-cakes"", ""en:biscuits-and-crackers"", ""en:biscuits"", ""en:wafers"", ""en:chocolate-biscuits"", ""en:stuffed-wafers"", ""en:chocolate-stuffed-wafers""]",e,3.0,d9cea108ffaf5dd04b2e00df5ad1901015599cd34b55021ed1fc14aee7cff222,2026-09-05T19:36:23.581606+00:00,1773441594,NO_VERIFICABLE_HISTORICAMENTE,,,,2025,10,1,False
147738,PRODUCT,3033491451652,,2.430,,EUR,2025-09-26,1846,51362,RECEIPT,France,Perpignan,True,True,True,True,True,True,False,True,True,"Le petit suisse gervais nature 9,5 % 60 g x 12",GERVAIS,"[""en:dairies"", ""en:fermented-foods"", ""en:fermented-milk-products"", ""en:desserts"", ""en:dairy-desserts"", ""en:fermented-dairy-desserts"", ""en:fromages-blancs-petit-suisses-and-skyr"", ""en:petits-suisses"", ""en:plain-fermented-dairy-desserts"", ""en:plain-petit-suisse"", ""fr:fromages-blancs""]",c,1.0,4f4f349aabb1015eafbf3f0f76a06dc782c3b0cb841cf9095ed4cf9c1f2e1ec0,2026-09-05T19:37:13.847004+00:00,1788543018,NO_VERIFICABLE_HISTORICAMENTE,,,,2025,9,4,False
149460,PRODUCT,0796252300295,,6.990,,USD,2025-10-11,4120,51696,RECEIPT,United States,Mountain View,True,True,True,True,True,True,False,True,True,"Lassi Yogurt Drink, Mango",Gopi,"[""en:beverages-and-beverages-preparations"", ""en:beverages"", ""en:dairies"", ""en:fermented-foods"", ""en:fermented-milk-products"", ""en:dairy-drinks"", ""en:fermented-drinks"", ""en:fermented-milk-drinks"", ""en:lassi""]",unknown,4.0,b9c1a7020fb92a32dd7da45f4f8319885d9df52dbc6e9d22b22355cd68e7e898,2026-09-06T22:55:48.204951+00:00,1780500088,NO_VERIFICABLE_HISTORICAMENTE,,,,2025,10,5,False
149833,PRODUCT,3019089042228,,2.180,,EUR,2025-10-11,1660,51837,PRICE_TAG,France,Lamure-sur-Azergues,True,True,True,True,True,True,False,True,True,Rilettes de thon,Petit Navire,"[""en:seafood"", ""en:fishes-and-their-products"", ""en:fishes"", ""en:spreads"", ""en:fatty-fishes"", ""en:salted-spreads"", ""en:rillettes"", ""en:tunas"", ""en:fish-preparations"", ""en:fish-rillettes"", ""en:tuna-preparations"", ""en:tuna-rillettes""]",b,4.0,93fb7c44d4b195f9d413ab31e4a27740bd30a9145da7f06004d0449b96b9eadc,2026-09-06T22:56:14.270975+00:00,1774494952,NO_VERIFICABLE_HISTORICAMENTE,,,,2025,10,5,False
153179,PRODUCT,0796252300295,,6.990,,USD,2025-10-20,4120,52675,RECEIPT,United States,Mountain View,True,True,True,True,True,True,False,True,True,"Lassi Yogurt Drink, Mango",Gopi,"[""en:beverages-and-beverages-preparations"", ""en:beverages"", ""en:dairies"", ""en:fermented-foods"", ""en:fermented-milk-products"", ""en:dairy-drinks"", ""en:fermented-drinks"", ""en:fermented-milk-drinks"", ""en:lassi""]",unknown,4.0,b9c1a7020fb92a32dd7da45f4f8319885d9df52dbc6e9d22b22355cd68e7e898,2026-09-06T22:55:48.204951+00:00,1780500088,NO_VERIFICABLE_HISTORICAMENTE,,,,2025,10,0,False
154427,PRODUCT,0796252300295,,6.990,,USD,2025-10-25,4120,53233,RECEIPT,United States,Mountain View,True,True,True,True,True,True,False,True,True,"Lassi Yogurt Drink, Mango",Gopi,"[""en:beverages-and-beverages-preparations"", ""en:beverages"", ""en:dairies"", ""en:fermented-foods"", ""en:fermented-milk-products"", ""en:dairy-drinks"", ""en:fermented-drinks"", ""en:fermented-milk-drinks"", ""en:lassi""]",unknown,4.0,b9c1a7020fb92a32dd7da45f4f8319885d9df52dbc6e9d22b22355cd68e7e898,2026-09-06T22:55:48.204951+00:00,1780500088,NO_VERIFICABLE_HISTORICAMENTE,,,,2025,10,5,False
156383,PRODUCT,3038359004544,,0.960,,EUR,2025-10-30,3200,53947,PRICE_TAG,France,Vandœuvre-lès-Nancy,True,True,True,True,True,True,True,True,True,Sauce Tomate concentrée cuisinée aux petits légumes,"Panzani, panzani","[""en:plant-based-foods-and-beverages"", ""en:plant-based-foods"", ""en:fruits-and-vegetables-based-foods"", ""en:vegetable-based-foods-and-beverages"", ""en:condiments"", ""en:vegetables-based-foods"", ""en:tomatoes-and-their-products"", ""en:sauces"", ""en:tomato-sauces"", ""en:meal-kits""]",d,4.0,1525ef9c4b93a3b937a69eaec8f574478094d6ae7f1cef983e3d35932dc3445a,2026-09-06T22:56:35.694423+00:00,1787478069,NO_VERIFICABLE_HISTORICAMENTE,8ee80374688b590fc9dee5ab7c5fdb9793da0422ab306deaf99f661b38526a21,PRICE_TAG,2,2025,10,3,True
156884,PRODUCT,3760020507916,,2.650,,EUR,2025-11-01,4409,54802,RECEIPT,France,Port,True,True,True,True,True,True,False,True,True,Gaufrettes chocolat,"Jardin Bio étic, Jardin biologique, Léa Nature","[""en:snacks"", ""en:desserts"", ""en:sweet-snacks"", ""en:biscuits-and-cakes"", ""en:biscuits-and-crackers"", ""en:biscuits"", ""en:wafers"", ""en:chocolate-biscuits"", ""en:stuffed-wafers"", ""en:chocolate-stuffed-wafers""]",e,3.0,d9cea108ffaf5dd04b2e00df5ad1901015599cd34b55021ed1fc14aee7cff222,2026-09-05T19:36:23.581606+00:00,1773441594,NO_VERIFICABLE_HISTORICAMENTE,,,,2025,11,5,False
156893,PRODUCT,3760020507916,,2.650,,EUR,2025-11-01,4409,54819,PRICE_TAG,France,Port,True,True,True,True,True,True,False,True,True,Gaufrettes chocolat,"Jardin Bio étic, Jardin biologique, Léa Nature","[""en:snacks"", ""en:desserts"", ""en:sweet-snacks"", ""en:biscuits-and-cakes"", ""en:biscuits-and-crackers"", ""en:biscuits"", ""en:wafers"", ""en:chocolate-biscuits"", ""en:stuffed-wafers"", ""en:chocolate-stuffed-wafers""]",e,3.0,d9cea108ffaf5dd04b2e00df5ad1901015599cd34b55021ed1fc14aee7cff222,2026-09-05T19:36:23.581606+00:00,1773441594,NO_VERIFICABLE_HISTORICAMENTE,,,,2025,11,5,False
158143,PRODUCT,0796252300295,,6.990,,USD,2025-11-04,4120,55267,RECEIPT,United States,Mountain View,True,True,True,True,True,True,False,True,True,"Lassi Yogurt Drink, Mango",Gopi,"[""en:beverages-and-beverages-preparations"", ""en:beverages"", ""en:dairies"", ""en:fermented-foods"", ""en:fermented-milk-products"", ""en:dairy-drinks"", ""en:fermented-drinks"", ""en:fermented-milk-drinks"", ""en:lassi""]",unknown,4.0,b9c1a7020fb92a32dd7da45f4f8319885d9df52dbc6e9d22b22355cd68e7e898,2026-09-06T22:55:48.204951+00:00,1780500088,NO_VERIFICABLE_HISTORICAMENTE,,,,2025,11,1,False
159780,PRODUCT,3456300014556,,2.450,,EUR,2025-11-01,4409,54819,PRICE_TAG,France,Port,True,True,True,True,True,True,False,True,True,Fourrés Chocolat🍫,"Jardin Bio étic, jardin bio étic Léa Nature","[""en:snacks"", ""en:frozen-foods"", ""en:sweet-snacks"", ""en:biscuits-and-cakes"", ""en:biscuits-and-crackers"", ""en:biscuits"", ""en:filled-biscuits""]",d,3.0,28163a9aa69ae9dc57a947e50ab8cfa93c424eb067341d182af5a868ba9d1823,2026-09-06T22:58:37.175429+00:00,1788508142,NO_VERIFICABLE_HISTORICAMENTE,,,,2025,11,5,False
160349,PRODUCT,00204682,,7.990,,USD,2025-11-09,3999,56081,PRICE_TAG,United States,Mountain View,True,True,True,True,True,True,True,True,True,Milk Chocolate Bar,Trader Joe's,"[""en:snacks"", ""en:sweet-snacks"", ""en:cocoa-and-its-products"", ""en:chocolates"", ""en:milk-chocolates"", ""en:milk-chocolate-bar""]",e,3.0,c64b3fc5e4c20ce3b513d48a0f725676c218dd586bcb90145d0bebe95a4a40f9,2026-09-06T22:55:16.858176+00:00,1788023569,NO_VERIFICABLE_HISTORICAMENTE,3782c04749fe26f71a119776a50539baa3439bf50dc1d8a5b4b10e70e8ab6ec9,PRICE_TAG,2,2025,11,6,True
160651,PRODUCT,0796252300295,,6.990,,USD,2025-11-09,4065,56121,RECEIPT,United States,Sunnyvale,True,True,True,True,True,True,False,True,True,"Lassi Yogurt Drink, Mango",Gopi,"[""en:beverages-and-beverages-preparations"", ""en:beverages"", ""en:dairies"", ""en:fermented-foods"", ""en:fermented-milk-products"", ""en:dairy-drinks"", ""en:fermented-drinks"", ""en:fermented-milk-drinks"", ""en:lassi""]",unknown,4.0,b9c1a7020fb92a32dd7da45f4f8319885d9df52dbc6e9d22b22355cd68e7e898,2026-09-06T22:55:48.204951+00:00,1780500088,NO_VERIFICABLE_HISTORICAMENTE,,,,2025,11,6,False
161672,PRODUCT,4061464487482,,3.490,,EUR,2025-10-31,468,56325,PRICE_TAG,Deutschland,,True,True,True,True,True,True,False,True,True,Nussknacker / Nussbeisser XXL,"Aldi, Choceur, Hofer Schokoladefabrik","[""en:snacks"", ""en:sweet-snacks"", ""en:cocoa-and-its-products"", ""en:chocolates"", ""en:milk-chocolates"", ""en:chocolates-with-hazelnuts""]",e,4.0,a1723f3efe4248aaca50726c77ab9f516290e57ac2805d8457975849cf5dd788,2026-09-05T19:37:23.984365+00:00,1782759793,NO_VERIFICABLE_HISTORICAMENTE,,,,2025,10,4,False
163122,PRODUCT,0048500205723,,4.990,,USD,2025-11-12,3998,56630,PRICE_TAG,United States,Mountain View,True,True,True,True,True,True,True,True,True,No Calcium OJ,Tropicana,"[""en:beverages-and-beverages-preparations"", ""en:plant-based-foods-and-beverages"", ""en:beverages"", ""en:plant-based-beverages"", ""en:fruit-based-beverages"", ""en:juices-and-nectars"", ""en:fruit-juices"", ""en:variety-packs"", ""en:orange-juices"", ""en:beverage-variety-packs""]",c,1.0,dd7c81fdc1297c5639c630a74444ec2ddd2ea16c4cd28ab6b360706b5956af4f,2026-09-06T22:55:43.031158+00:00,1786474142,NO_VERIFICABLE_HISTORICAMENTE,c66ba66e5bc9a745bd911303bea4dda0ab56625b0e03c846c873c9bc12b89684,PRICE_TAG,2,2025,11,2,True
164352,PRODUCT,0796252300295,,6.990,,USD,2025-11-16,4532,57078,RECEIPT,United States of America,Fremont,True,True,True,True,True,True,False,True,True,"Lassi Yogurt Drink, Mango",Gopi,"[""en:beverages-and-beverages-preparations"", ""en:beverages"", ""en:dairies"", ""en:fermented-foods"", ""en:fermented-milk-products"", ""en:dairy-drinks"", ""en:fermented-drinks"", ""en:fermented-milk-drinks"", ""en:lassi""]",unknown,4.0,b9c1a7020fb92a32dd7da45f4f8319885d9df52dbc6e9d22b22355cd68e7e898,2026-09-06T22:55:48.204951+00:00,1780500088,NO_VERIFICABLE_HISTORICAMENTE,,,,2025,11,6,False
164391,PRODUCT,3456300014556,,2.550,,EUR,2025-11-16,2015,57203,PRICE_TAG,France,Saint-Martin-d'Hères,True,True,True,True,True,True,False,True,True,Fourrés Chocolat🍫,"Jardin Bio étic, jardin bio étic Léa Nature","[""en:snacks"", ""en:frozen-foods"", ""en:sweet-snacks"", ""en:biscuits-and-cakes"", ""en:biscuits-and-crackers"", ""en:biscuits"", ""en:filled-biscuits""]",d,3.0,28163a9aa69ae9dc57a947e50ab8cfa93c424eb067341d182af5a868ba9d1823,2026-09-06T22:58:37.175429+00:00,1788508142,NO_VERIFICABLE_HISTORICAMENTE,,,,2025,11,6,False
164627,PRODUCT,3266140053581,,22.320,,EUR,2025-11-16,2015,57201,PRICE_TAG,France,Saint-Martin-d'Hères,True,True,True,True,True,True,False,True,True,Ravioles du Dauphiné LABEL ROUGE IGP surgelées sachet,Saint jean,"[""en:plant-based-foods-and-beverages"", ""en:plant-based-foods"", ""en:cereals-and-potatoes"", ""en:frozen-foods"", ""en:cereals-and-their-products"", ""en:meals"", ""en:pasta-dishes"", ""en:pastas"", ""en:pastas-and-dumplings"", ""en:combination-meals"", ""en:stuffed-pastas"", ""en:frozen-ready-made-meals"", ""fr:ravioles"", ""en:pasta-stuffed-with-cheese"", ""en:ravioles-du-dauphine"", ""fr:Produits Label Rouge"", ""fr:Produits labellisés""]",d,3.0,268db8cef48b91af093cc67326b7e1bf962d7ddb25b169dcb6d730d6c8618796,2026-09-06T22:57:49.808962+00:00,1774331912,NO_VERIFICABLE_HISTORICAMENTE,,,,2025,11,6,False
164879,PRODUCT,3760020507916,,2.690,,EUR,2025-11-16,2015,57203,PRICE_TAG,France,Saint-Martin-d'Hères,True,True,True,True,True,True,False,True,True,Gaufrettes chocolat,"Jardin Bio étic, Jardin biologique, Léa Nature","[""en:snacks"", ""en:desserts"", ""en:sweet-snacks"", ""en:biscuits-and-cakes"", ""en:biscuits-and-crackers"", ""en:biscuits"", ""en:wafers"", ""en:chocolate-biscuits"", ""en:stuffed-wafers"", ""en:chocolate-stuffed-wafers""]",e,3.0,d9cea108ffaf5dd04b2e00df5ad1901015599cd34b55021ed1fc14aee7cff222,2026-09-05T19:36:23.581606+00:00,1773441594,NO_VERIFICABLE_HISTORICAMENTE,,,,2025,11,6,False
164995,PRODUCT,3183811008117,,4.500,,EUR,2025-11-14,49,56810,PRICE_TAG,France,Grenoble,True,True,True,True,True,True,False,True,True,Olive noire fromage de chèvre,Marius Bernard,"[""en:spreads"", ""en:salted-spreads""]",d,3.0,875e5c0a681fe65d6cbed50d96ab72617d082823628cc689b523cc663d376db4,2026-09-06T22:57:01.625345+00:00,1774316425,NO_VERIFICABLE_HISTORICAMENTE,,,,2025,11,4,False
167227,PRODUCT,3456300014556,,2.500,,EUR,2025-11-24,2552,58177,PRICE_TAG,France,Fontaine,True,True,True,True,True,True,False,True,True,Fourrés Chocolat🍫,"Jardin Bio étic, jardin bio étic Léa Nature","[""en:snacks"", ""en:frozen-foods"", ""en:sweet-snacks"", ""en:biscuits-and-cakes"", ""en:biscuits-and-crackers"", ""en:biscuits"", ""en:filled-biscuits""]",d,3.0,28163a9aa69ae9dc57a947e50ab8cfa93c424eb067341d182af5a868ba9d1823,2026-09-06T22:58:37.175429+00:00,1788508142,NO_VERIFICABLE_HISTORICAMENTE,,,,2025,11,0,False
167237,PRODUCT,3760020507916,,2.150,,EUR,2025-11-24,2552,58178,PRICE_TAG,France,Fontaine,True,True,True,True,True,True,False,True,True,Gaufrettes chocolat,"Jardin Bio étic, Jardin biologique, Léa Nature","[""en:snacks"", ""en:desserts"", ""en:sweet-snacks"", ""en:biscuits-and-cakes"", ""en:biscuits-and-crackers"", ""en:biscuits"", ""en:wafers"", ""en:chocolate-biscuits"", ""en:stuffed-wafers"", ""en:chocolate-stuffed-wafers""]",e,3.0,d9cea108ffaf5dd04b2e00df5ad1901015599cd34b55021ed1fc14aee7cff222,2026-09-05T19:36:23.581606+00:00,1773441594,NO_VERIFICABLE_HISTORICAMENTE,,,,2025,11,0,False
167341,PRODUCT,3220035229611,,3.060,,EUR,2025-11-24,4621,58227,PRICE_TAG,France,Lyon,True,True,True,True,True,True,False,True,True,Cassonade,"Saint louis, Saint-Louis","[""en:sweeteners"", ""en:sugars"", ""en:brown-sugars"", ""en:cane-sugars"", ""fr:cassonades""]",e,2.0,2d886b3652dcce1dc85336eb81d739ae10e498acf96c7600c57c78eb69bcf61f,2026-09-05T19:36:28.786097+00:00,1787997987,NO_VERIFICABLE_HISTORICAMENTE,,,,2025,11,0,False
167861,PRODUCT,3033491350795,,1.650,,EUR,2025-11-27,3,58441,PRICE_TAG,France,Grenoble,True,True,True,True,True,True,False,True,True,Activia bifidus saveur citron,Danone,"[""en:dairies"", ""en:fermented-foods"", ""en:fermented-milk-products"", ""en:desserts"", ""en:dairy-desserts"", ""en:fermented-dairy-desserts"", ""en:flavoured-fermented-dairy-desserts"", ""en:bifidus-yogurts"", ""en:flavoured-bifidus-yogurts""]",c,4.0,a42b5e3e00b24cab9b5c2abab905e3136c816253190a5e911a7c1092dcc19d9d,2026-09-06T22:56:25.042537+00:00,1785397863,NO_VERIFICABLE_HISTORICAMENTE,,,,2025,11,3,False
167876,PRODUCT,3033491350795,,1.650,,EUR,2025-11-27,3,58445,RECEIPT,France,Grenoble,True,True,True,True,True,True,False,True,True,Activia bifidus saveur citron,Danone,"[""en:dairies"", ""en:fermented-foods"", ""en:fermented-milk-products"", ""en:desserts"", ""en:dairy-desserts"", ""en:fermented-dairy-desserts"", ""en:flavoured-fermented-dairy-desserts"", ""en:bifidus-yogurts"", ""en:flavoured-bifidus-yogurts""]",c,4.0,a42b5e3e00b24cab9b5c2abab905e3136c816253190a5e911a7c1092dcc19d9d,2026-09-06T22:56:25.042537+00:00,1785397863,NO_VERIFICABLE_HISTORICAMENTE,,,,2025,11,3,False
168185,PRODUCT,0796252300295,,6.990,,USD,2025-11-28,4120,58525,RECEIPT,United States,Mountain View,True,True,True,True,True,True,False,True,True,"Lassi Yogurt Drink, Mango",Gopi,"[""en:beverages-and-beverages-preparations"", ""en:beverages"", ""en:dairies"", ""en:fermented-foods"", ""en:fermented-milk-products"", ""en:dairy-drinks"", ""en:fermented-drinks"", ""en:fermented-milk-drinks"", ""en:lassi""]",unknown,4.0,b9c1a7020fb92a32dd7da45f4f8319885d9df52dbc6e9d22b22355cd68e7e898,2026-09-06T22:55:48.204951+00:00,1780500088,NO_VERIFICABLE_HISTORICAMENTE,,,,2025,11,4,False
169381,PRODUCT,3456300014556,,3.520,,EUR,2025-12-03,1,59002,PRICE_TAG,France,Grenoble,True,True,True,True,True,True,False,True,True,Fourrés Chocolat🍫,"Jardin Bio étic, jardin bio étic Léa Nature","[""en:snacks"", ""en:frozen-foods"", ""en:sweet-snacks"", ""en:biscuits-and-cakes"", ""en:biscuits-and-crackers"", ""en:biscuits"", ""en:filled-biscuits""]",d,3.0,28163a9aa69ae9dc57a947e50ab8cfa93c424eb067341d182af5a868ba9d1823,2026-09-06T22:58:37.175429+00:00,1788508142,NO_VERIFICABLE_HISTORICAMENTE,,,,2025,12,2,False
169384,PRODUCT,3760020507916,,3.240,,EUR,2025-12-03,1,59002,PRICE_TAG,France,Grenoble,True,True,True,True,True,True,False,True,True,Gaufrettes chocolat,"Jardin Bio étic, Jardin biologique, Léa Nature","[""en:snacks"", ""en:desserts"", ""en:sweet-snacks"", ""en:biscuits-and-cakes"", ""en:biscuits-and-crackers"", ""en:biscuits"", ""en:wafers"", ""en:chocolate-biscuits"", ""en:stuffed-wafers"", ""en:chocolate-stuffed-wafers""]",e,3.0,d9cea108ffaf5dd04b2e00df5ad1901015599cd34b55021ed1fc14aee7cff222,2026-09-05T19:36:23.581606+00:00,1773441594,NO_VERIFICABLE_HISTORICAMENTE,,,,2025,12,2,False
169545,PRODUCT,3033491350795,,1.650,,EUR,2025-12-04,3,59066,RECEIPT,France,Grenoble,True,True,True,True,True,True,False,True,True,Activia bifidus saveur citron,Danone,"[""en:dairies"", ""en:fermented-foods"", ""en:fermented-milk-products"", ""en:desserts"", ""en:dairy-desserts"", ""en:fermented-dairy-desserts"", ""en:flavoured-fermented-dairy-desserts"", ""en:bifidus-yogurts"", ""en:flavoured-bifidus-yogurts""]",c,4.0,a42b5e3e00b24cab9b5c2abab905e3136c816253190a5e911a7c1092dcc19d9d,2026-09-06T22:56:25.042537+00:00,1785397863,NO_VERIFICABLE_HISTORICAMENTE,,,,2025,12,3,False
170409,PRODUCT,8000500391228,,3.470,,EUR,2025-12-07,3,59375,PRICE_TAG,France,Grenoble,True,True,True,True,True,True,False,True,True,Kinder Kinderini,Kinder,"[""en:snacks"", ""en:sweet-snacks"", ""en:biscuits-and-cakes"", ""en:biscuits-and-crackers"", ""en:biscuits"", ""en:pastries""]",e,4.0,541523ed87af4efb3ec302fab0b84715f2fe033aae8dbbdead2475d86083edb2,2026-09-06T23:00:21.039136+00:00,1788334947,NO_VERIFICABLE_HISTORICAMENTE,,,,2025,12,6,False
172023,PRODUCT,0796252300295,,6.990,,USD,2025-12-12,4120,60297,RECEIPT,United States,Mountain View,True,True,True,True,True,True,False,True,True,"Lassi Yogurt Drink, Mango",Gopi,"[""en:beverages-and-beverages-preparations"", ""en:beverages"", ""en:dairies"", ""en:fermented-foods"", ""en:fermented-milk-products"", ""en:dairy-drinks"", ""en:fermented-drinks"", ""en:fermented-milk-drinks"", ""en:lassi""]",unknown,4.0,b9c1a7020fb92a32dd7da45f4f8319885d9df52dbc6e9d22b22355cd68e7e898,2026-09-06T22:55:48.204951+00:00,1780500088,NO_VERIFICABLE_HISTORICAMENTE,,,,2025,12,4,False
172963,PRODUCT,3038359004544,,0.990,,EUR,2025-12-15,34,60617,RECEIPT,France,Bresson,True,True,True,True,True,True,False,True,True,Sauce Tomate concentrée cuisinée aux petits légumes,"Panzani, panzani","[""en:plant-based-foods-and-beverages"", ""en:plant-based-foods"", ""en:fruits-and-vegetables-based-foods"", ""en:vegetable-based-foods-and-beverages"", ""en:condiments"", ""en:vegetables-based-foods"", ""en:tomatoes-and-their-products"", ""en:sauces"", ""en:tomato-sauces"", ""en:meal-kits""]",d,4.0,1525ef9c4b93a3b937a69eaec8f574478094d6ae7f1cef983e3d35932dc3445a,2026-09-06T22:56:35.694423+00:00,1787478069,NO_VERIFICABLE_HISTORICAMENTE,,,,2025,12,0,False
173675,PRODUCT,3033491451652,,2.390,,EUR,2025-12-17,1846,60947,RECEIPT,France,Perpignan,True,True,True,True,True,True,False,True,True,"Le petit suisse gervais nature 9,5 % 60 g x 12",GERVAIS,"[""en:dairies"", ""en:fermented-foods"", ""en:fermented-milk-products"", ""en:desserts"", ""en:dairy-desserts"", ""en:fermented-dairy-desserts"", ""en:fromages-blancs-petit-suisses-and-skyr"", ""en:petits-suisses"", ""en:plain-fermented-dairy-desserts"", ""en:plain-petit-suisse"", ""fr:fromages-blancs""]",c,1.0,4f4f349aabb1015eafbf3f0f76a06dc782c3b0cb841cf9095ed4cf9c1f2e1ec0,2026-09-05T19:37:13.847004+00:00,1788543018,NO_VERIFICABLE_HISTORICAMENTE,,,,2025,12,2,False
174384,PRODUCT,0021500042178,,2.990,,USD,2025-10-19,3998,60982,PRICE_TAG,United States,Mountain View,True,True,True,True,True,True,True,True,True,Steak chop marinade,"Lawry's, Mccormick & Co  Inc.","[""en:condiments"", ""en:Groceries""]",unknown,4.0,ebbae8c996be59f3d148b94f0d6212e5302a8331f8913159b2e078394845fb73,2026-09-06T22:55:32.644208+00:00,1785160540,NO_VERIFICABLE_HISTORICAMENTE,3f716aa74c0866623b6002b1c3a7081164a3eb1ae3dffc1a314170a2a0e2f5b9,PRICE_TAG,2,2025,10,6,True
174999,PRODUCT,3760090370571,,7.990,,EUR,2025-12-23,20,61364,PRICE_TAG,France,Grenoble,True,True,True,True,True,True,False,True,True,"Saucisson sec, d'Ardèche",père 3 fils,"[""en:meats-and-their-products"", ""en:meats"", ""en:prepared-meats"", ""en:cured-sausages"", ""en:dry-sausages"", ""en:dry-sausage-pure-pork""]",e,4.0,750430216bd4e8274a8aa268b299aa380850033f7c0cf76bbd910d3e0bda1036,2026-09-06T22:59:08.170875+00:00,1773398258,NO_VERIFICABLE_HISTORICAMENTE,,,,2025,12,1,False
175428,PRODUCT,0796252300295,,6.990,,USD,2025-12-26,4065,61555,RECEIPT,United States,Sunnyvale,True,True,True,True,True,True,False,True,True,"Lassi Yogurt Drink, Mango",Gopi,"[""en:beverages-and-beverages-preparations"", ""en:beverages"", ""en:dairies"", ""en:fermented-foods"", ""en:fermented-milk-products"", ""en:dairy-drinks"", ""en:fermented-drinks"", ""en:fermented-milk-drinks"", ""en:lassi""]",unknown,4.0,b9c1a7020fb92a32dd7da45f4f8319885d9df52dbc6e9d22b22355cd68e7e898,2026-09-06T22:55:48.204951+00:00,1780500088,NO_VERIFICABLE_HISTORICAMENTE,,,,2025,12,4,False
176865,PRODUCT,3423182102411,,4.550,,EUR,2025-12-31,1,61962,SHOP_IMPORT,France,Grenoble,True,True,True,True,True,True,False,True,True,pur jus pomme framboise bio,Thomas Le Prince,"[""en:beverages-and-beverages-preparations"", ""en:plant-based-foods-and-beverages"", ""en:beverages"", ""en:fruit-based-foods-and-beverages"", ""en:plant-based-beverages"", ""en:fruit-based-beverages"", ""en:juices-and-nectars"", ""en:fruit-juices"", ""en:multifruit-juices""]",d,1.0,d0db609e5c045e822adffddf1c76db2d871627f5ea815751fcd0216e91ad4014,2026-09-06T22:58:21.457654+00:00,1773781785,NO_VERIFICABLE_HISTORICAMENTE,,,,2025,12,2,False
176906,PRODUCT,3456300014556,,3.720,,EUR,2025-12-31,1,61962,SHOP_IMPORT,France,Grenoble,True,True,True,True,True,True,False,True,True,Fourrés Chocolat🍫,"Jardin Bio étic, jardin bio étic Léa Nature","[""en:snacks"", ""en:frozen-foods"", ""en:sweet-snacks"", ""en:biscuits-and-cakes"", ""en:biscuits-and-crackers"", ""en:biscuits"", ""en:filled-biscuits""]",d,3.0,28163a9aa69ae9dc57a947e50ab8cfa93c424eb067341d182af5a868ba9d1823,2026-09-06T22:58:37.175429+00:00,1788508142,NO_VERIFICABLE_HISTORICAMENTE,,,,2025,12,2,False
176987,PRODUCT,3500390010247,,18.030,,EUR,2025-12-31,1,61962,SHOP_IMPORT,France,Grenoble,True,True,True,True,True,True,False,True,True,Ravioles du Dauphiné,Maison Rambert,"[""en:meals"", ""en:pasta-dishes"", ""en:stuffed-pastas"", ""fr:ravioles""]",d,4.0,b8c4d0dc28df773eacb84b3b8e73410830a3f89b708e550e0ef3c9a9a4294f8f,2026-09-05T19:36:13.571074+00:00,1788534815,NO_VERIFICABLE_HISTORICAMENTE,,,,2025,12,2,False
177233,PRODUCT,3760020507916,,3.570,,EUR,2025-12-31,1,61962,SHOP_IMPORT,France,Grenoble,True,True,True,True,True,True,False,True,True,Gaufrettes chocolat,"Jardin Bio étic, Jardin biologique, Léa Nature","[""en:snacks"", ""en:desserts"", ""en:sweet-snacks"", ""en:biscuits-and-cakes"", ""en:biscuits-and-crackers"", ""en:biscuits"", ""en:wafers"", ""en:chocolate-biscuits"", ""en:stuffed-wafers"", ""en:chocolate-stuffed-wafers""]",e,3.0,d9cea108ffaf5dd04b2e00df5ad1901015599cd34b55021ed1fc14aee7cff222,2026-09-05T19:36:23.581606+00:00,1773441594,NO_VERIFICABLE_HISTORICAMENTE,,,,2025,12,2,False
177858,PRODUCT,3038353911909,,2.510,,EUR,2025-09-17,4832,61960,SHOP_IMPORT,France,Metz,True,True,True,True,True,True,False,True,True,Quenelles de brochet sauce Nantua,Petitjean,"[""en:canned-foods"", ""en:meals"", ""en:canned-meals"", ""en:meals-with-fish"", ""fr:quenelles"", ""en:fish-quenelles"", ""en:fish-quenelle-in-sauce"", ""en:pike-quenelles""]",c,4.0,f713a2cd4d3b4ebb3c936eb81b23522946973d2ee987128fbcd7a3779bc34b1c,2026-09-06T22:56:30.356241+00:00,1773416645,NO_VERIFICABLE_HISTORICAMENTE,,,,2025,9,2,False
178425,PRODUCT,3580281710067,,1.460,,EUR,2025-09-17,4832,61960,SHOP_IMPORT,France,Metz,True,True,True,True,True,True,False,True,True,Capres au vinaigre,Savino,"[""en:plant-based-foods-and-beverages"", ""en:plant-based-foods"", ""en:condiments"", ""en:pickles"", ""en:plant-based-pickles"", ""en:pickled-capers""]",e,,c9ec3e85df6c216f57687fd9d4ce48d93e32184cecdd307a891ff892bc74fe42,2026-09-06T22:58:57.837810+00:00,1774478416,NO_VERIFICABLE_HISTORICAMENTE,,,,2025,9,2,False
184426,PRODUCT,0034500420686,,1.990,,USD,2026-01-11,4805,63166,RECEIPT,United States,Huntington Station,True,True,True,True,True,True,False,True,True,Extra Sharp Cheddar Cheese,Land O Lakes,"[""en:Cheese Blocks""]",e,4.0,9ff48e577c797b812aa10774c39d0afb3747737e32375d9ec58650e54051964a,2026-09-06T22:55:37.827808+00:00,1768185160,NO_VERIFICABLE_HISTORICAMENTE,,,,2026,1,6,False
185695,PRODUCT,8000500391228,,3.990,,EUR,2026-01-17,2977,63660,PRICE_TAG,France,Paris,True,True,True,True,True,True,False,True,True,Kinder Kinderini,Kinder,"[""en:snacks"", ""en:sweet-snacks"", ""en:biscuits-and-cakes"", ""en:biscuits-and-crackers"", ""en:biscuits"", ""en:pastries""]",e,4.0,541523ed87af4efb3ec302fab0b84715f2fe033aae8dbbdead2475d86083edb2,2026-09-06T23:00:21.039136+00:00,1788334947,NO_VERIFICABLE_HISTORICAMENTE,,,,2026,1,5,False
188045,PRODUCT,3023260027607,,4.090,,EUR,2026-01-23,4587,64442,RECEIPT,France,Vannes,True,True,True,True,True,True,False,True,True,La tomme de brebis,Lou Pérac,"[""en:dairies"", ""en:fermented-foods"", ""en:fermented-milk-products"", ""en:cheeses"", ""en:mountain-products"", ""en:french-cheeses"", ""en:mountain-cheeses"", ""en:sheep-s-milk-cheeses"", ""en:tomme-cheese-from-cow-s-milk"", ""fr:tomme-de-brebis""]",d,4.0,3eac23547f8e3047f8416fa80c7936a359b0788079a3551c2fbc7c308e4f9a07,2026-09-05T19:37:18.901022+00:00,1781156159,NO_VERIFICABLE_HISTORICAMENTE,,,,2026,1,4,False
188372,PRODUCT,3033491350795,,2.300,,EUR,2026-01-23,1948,64580,PRICE_TAG,France,Clichy,True,True,True,True,True,True,False,True,True,Activia bifidus saveur citron,Danone,"[""en:dairies"", ""en:fermented-foods"", ""en:fermented-milk-products"", ""en:desserts"", ""en:dairy-desserts"", ""en:fermented-dairy-desserts"", ""en:flavoured-fermented-dairy-desserts"", ""en:bifidus-yogurts"", ""en:flavoured-bifidus-yogurts""]",c,4.0,a42b5e3e00b24cab9b5c2abab905e3136c816253190a5e911a7c1092dcc19d9d,2026-09-06T22:56:25.042537+00:00,1785397863,NO_VERIFICABLE_HISTORICAMENTE,,,,2026,1,4,False
189113,PRODUCT,0796252300295,,6.990,,USD,2026-01-23,4065,64833,RECEIPT,United States,Sunnyvale,True,True,True,True,True,True,False,True,True,"Lassi Yogurt Drink, Mango",Gopi,"[""en:beverages-and-beverages-preparations"", ""en:beverages"", ""en:dairies"", ""en:fermented-foods"", ""en:fermented-milk-products"", ""en:dairy-drinks"", ""en:fermented-drinks"", ""en:fermented-milk-drinks"", ""en:lassi""]",unknown,4.0,b9c1a7020fb92a32dd7da45f4f8319885d9df52dbc6e9d22b22355cd68e7e898,2026-09-06T22:55:48.204951+00:00,1780500088,NO_VERIFICABLE_HISTORICAMENTE,,,,2026,1,4,False
189988,PRODUCT,3045320517699,,2.560,,EUR,2026-01-24,5015,65159,PRICE_TAG,France,Clichy,True,True,True,True,True,True,False,True,True,Crème caramel aux œufs frais,Bonne Maman,"[""en:dairies"", ""en:desserts"", ""en:dairy-desserts"", ""en:custard-puddings"", ""en:custard-puddings-with-caramel-sauce"", ""fr:desserts-lactes-aux-oeufs""]",d,3.0,aafd046f21607968a416dd3ed65c6f362f3319d9a03fce139c23db77bed4e9f1,2026-09-06T22:56:40.992922+00:00,1782919727,NO_VERIFICABLE_HISTORICAMENTE,,,,2026,1,5,False
191567,PRODUCT,3270190023524,,2.550,,EUR,2026-01-25,2727,65701,PRICE_TAG,France,Saint-Ouen-sur-Seine,True,True,True,True,True,True,True,True,True,Fromage Blanc nature,Carrefour,"[""en:dairies"", ""en:fermented-foods"", ""en:fermented-milk-products"", ""en:cheeses"", ""en:desserts"", ""en:dairy-desserts"", ""en:fermented-dairy-desserts"", ""en:fromages-blancs-petit-suisses-and-skyr"", ""en:petits-suisses"", ""en:plain-fermented-dairy-desserts"", ""en:plain-petit-suisse"", ""fr:fromages-blancs"", ""en:fat-free-plain-petit-suisse"", ""fr:fromages-blancs-natures""]",a,3.0,c5e067c3b9a6d768d495e6bb10d8ccb5832849df2bf4cf1e12b09a6050ea9743,2026-09-06T22:57:55.173339+00:00,1773406895,NO_VERIFICABLE_HISTORICAMENTE,e13ce50d99997ae8462706560dea17a8f7118e8ce1900b3952db2643ea4e07d9,PRICE_TAG,2,2026,1,6,True
192654,PRODUCT,3045320517699,,3.750,,EUR,2026-01-27,1831,66550,PRICE_TAG,France,Clichy,True,True,True,True,True,True,False,True,True,Crème caramel aux œufs frais,Bonne Maman,"[""en:dairies"", ""en:desserts"", ""en:dairy-desserts"", ""en:custard-puddings"", ""en:custard-puddings-with-caramel-sauce"", ""fr:desserts-lactes-aux-oeufs""]",d,3.0,aafd046f21607968a416dd3ed65c6f362f3319d9a03fce139c23db77bed4e9f1,2026-09-06T22:56:40.992922+00:00,1782919727,NO_VERIFICABLE_HISTORICAMENTE,,,,2026,1,1,False
192660,PRODUCT,3297760097969,,2.550,,EUR,2026-01-27,1831,66546,PRICE_TAG,France,Clichy,True,True,True,True,True,True,False,True,True,Pomme Banane Vanille,Charles & Alice,"[""en:plant-based-foods-and-beverages"", ""en:plant-based-foods"", ""en:fruit-based-foods-and-beverages"", ""en:fruits-and-vegetables-based-foods"", ""en:desserts"", ""en:fruit-based-foods"", ""en:compotes"", ""en:apple-compotes"", ""en:banana-apple-compotes""]",a,4.0,4ca81216211f1bcee72fbec12aa048f20f553391238401e6a12b791653d2924c,2026-09-06T22:58:05.692892+00:00,1784102702,NO_VERIFICABLE_HISTORICAMENTE,,,,2026,1,1,False
193761,PRODUCT,3250390564843,,2.060,,EUR,2026-01-29,10,67176,PRICE_TAG,France,Grenoble,True,True,True,True,True,True,True,True,True,Pizza Di Pierra Royale surgelée,"Fiorini, Intermarché","[""en:frozen-foods"", ""en:meals"", ""en:pizzas-pies-and-quiches"", ""en:meals-with-meat"", ""en:frozen-pizzas-and-pies"", ""en:pizzas"", ""en:pork-meals"", ""en:frozen-pizzas"", ""en:pizza-with-ham-and-cheese"", ""en:regina-pizza""]",d,4.0,ff05eb6595d81da6c2c979b788b806c329749b1c665397a36436f95bb6f37e8e,2026-09-06T22:57:28.415793+00:00,1772494335,NO_VERIFICABLE_HISTORICAMENTE,050480532ca8403be49b4d0e465c3b8f0fc4a9dfcc07d67b63df58fd1f7c840f,PRICE_TAG,2,2026,1,3,True
194612,PRODUCT,3240931548135,,2.830,,EUR,2026-01-30,1920,67635,PRICE_TAG,France,Clichy,True,True,True,True,True,True,False,True,True,Lustucru gnocchi a poêler format xxl 720g,"Lustucru, Lustucru selection","[""en:plant-based-foods-and-beverages"", ""en:plant-based-foods"", ""en:cereals-and-potatoes"", ""en:frozen-foods"", ""en:cereals-and-their-products"", ""en:potatoes-and-their-products"", ""en:pastas"", ""en:cereal-pastas"", ""en:fresh-pasta"", ""en:gnocchi"", ""en:gnocchi-of-durum-wheat-semolina"", ""en:potato-gnocchi""]",c,3.0,b04956fb72164d0aa169caa42e9bfdbb13617cfbe2044d789ec498de0fa4d998,2026-09-06T22:57:12.552522+00:00,1788452995,NO_VERIFICABLE_HISTORICAMENTE,,,,2026,1,4,False
194671,PRODUCT,3280220908073,,1.420,,EUR,2026-01-30,1920,67501,PRICE_TAG,France,Clichy,True,True,True,True,True,True,False,True,True,Ma petite salade Mâche,Florette,"[""en:plant-based-foods-and-beverages"", ""en:plant-based-foods"", ""en:fruits-and-vegetables-based-foods"", ""en:vegetable-based-foods-and-beverages"", ""en:vegetables-based-foods"", ""en:fresh-foods"", ""en:vegetables"", ""en:fresh-plant-based-foods"", ""en:leaf-vegetables"", ""en:fresh-vegetables"", ""en:corn-salad""]",a,1.0,97f68419ca95f141618ee9c358e714ca9267fd617f335a4e669723e0c85ceb00,2026-09-05T19:36:43.666144+00:00,1773858771,NO_VERIFICABLE_HISTORICAMENTE,,,,2026,1,4,False
195628,PRODUCT,3450970173834,,2.170,,EUR,2026-01-31,1920,68369,PRICE_TAG,France,Clichy,True,True,True,True,True,True,False,True,True,Nugets poulet,"Eco+, Leclerc","[""en:meats-and-their-products"", ""en:meat-preparations"", ""en:chicken-and-its-products"", ""en:breaded-products"", ""en:chicken-preparations"", ""en:poultry-nuggets"", ""en:breaded-chicken"", ""en:chicken-nuggets""]",b,4.0,b2903dee5936fc920a8e1a6566e283e292568d17f448d9e8cc673462900efccb,2026-09-06T22:58:31.879943+00:00,1786274131,NO_VERIFICABLE_HISTORICAMENTE,,,,2026,1,5,False
196246,PRODUCT,3019089042228,,2.500,,EUR,2026-01-31,3,68595,PRICE_TAG,France,Grenoble,True,True,True,True,True,True,False,True,True,Rilettes de thon,Petit Navire,"[""en:seafood"", ""en:fishes-and-their-products"", ""en:fishes"", ""en:spreads"", ""en:fatty-fishes"", ""en:salted-spreads"", ""en:rillettes"", ""en:tunas"", ""en:fish-preparations"", ""en:fish-rillettes"", ""en:tuna-preparations"", ""en:tuna-rillettes""]",b,4.0,93fb7c44d4b195f9d413ab31e4a27740bd30a9145da7f06004d0449b96b9eadc,2026-09-06T22:56:14.270975+00:00,1774494952,NO_VERIFICABLE_HISTORICAMENTE,,,,2026,1,5,False
196475,PRODUCT,3770014111777,,2.450,,EUR,2026-01-31,2217,68675,PRICE_TAG,France,Clichy,True,True,True,True,True,True,False,True,True,Farine de blé T65 Transition - conversion biologique,Transition,"[""en:plant-based-foods-and-beverages"", ""en:plant-based-foods"", ""en:cereals-and-potatoes"", ""en:cereals-and-their-products"", ""en:flours"", ""en:cereal-flours"", ""en:wheat-flours"", ""en:common-wheat-flours"", ""en:wheat-flour-type-65""]",a,1.0,32a912a44d6e223dfafb23196f02904fbe8ebf3ba34e10c30d44d9fe35794117,2026-09-05T19:36:33.752576+00:00,1774512441,NO_VERIFICABLE_HISTORICAMENTE,,,,2026,1,5,False
197031,PRODUCT,3033491279294,,2.050,,EUR,2026-02-01,2217,68797,PRICE_TAG,France,Clichy,True,True,True,True,True,True,False,True,True,Danette double saveur vanille & chocolat,Danone,"[""en:dairies"", ""en:desserts"", ""en:dairy-desserts"", ""en:entremets-mousses-and-creamy-puddings"", ""en:chocolate-desserts"", ""en:creamy-puddings"", ""en:chocolate-creamy-puddings"", ""en:refrigerated-chocolate-creamy-puddings"", ""en:Crèmes dessert vanille chocolat""]",c,4.0,9337b9a8f828d3fea0132867547feb3b4db77b28595412f789507994a62bf174,2026-09-06T22:56:19.683954+00:00,1773985823,NO_VERIFICABLE_HISTORICAMENTE,,,,2026,2,6,False
197210,PRODUCT,5000112611878,,1.770,,EUR,2026-02-01,2217,68950,PRICE_TAG,France,Clichy,True,True,True,True,True,True,False,True,True,coca cola zero,Cocacola,"[""en:beverages-and-beverages-preparations"", ""en:beverages"", ""en:non-alcoholic-beverages"", ""en:carbonated-drinks"", ""en:soft-drinks"", ""en:artificially-sweetened-beverages"", ""en:sodas"", ""en:diet-beverages"", ""en:colas"", ""en:diet-sodas"", ""en:diet-cola-soft-drink""]",unknown,4.0,f41cd3f2dade88d4268353353d5dbf52f2025a396d4f4a709efe3ac9ab99291f,2026-09-06T22:59:54.940802+00:00,1788030591,NO_VERIFICABLE_HISTORICAMENTE,,,,2026,2,6,False
197339,PRODUCT,3770014111777,,2.450,,EUR,2026-02-01,2217,68877,PRICE_TAG,France,Clichy,True,True,True,True,True,True,False,True,True,Farine de blé T65 Transition - conversion biologique,Transition,"[""en:plant-based-foods-and-beverages"", ""en:plant-based-foods"", ""en:cereals-and-potatoes"", ""en:cereals-and-their-products"", ""en:flours"", ""en:cereal-flours"", ""en:wheat-flours"", ""en:common-wheat-flours"", ""en:wheat-flour-type-65""]",a,1.0,32a912a44d6e223dfafb23196f02904fbe8ebf3ba34e10c30d44d9fe35794117,2026-09-05T19:36:33.752576+00:00,1774512441,NO_VERIFICABLE_HISTORICAMENTE,,,,2026,2,6,False
197407,PRODUCT,3250390564843,,2.350,,EUR,2026-02-01,2217,69019,PRICE_TAG,France,Clichy,True,True,True,True,True,True,False,True,True,Pizza Di Pierra Royale surgelée,"Fiorini, Intermarché","[""en:frozen-foods"", ""en:meals"", ""en:pizzas-pies-and-quiches"", ""en:meals-with-meat"", ""en:frozen-pizzas-and-pies"", ""en:pizzas"", ""en:pork-meals"", ""en:frozen-pizzas"", ""en:pizza-with-ham-and-cheese"", ""en:regina-pizza""]",d,4.0,ff05eb6595d81da6c2c979b788b806c329749b1c665397a36436f95bb6f37e8e,2026-09-06T22:57:28.415793+00:00,1772494335,NO_VERIFICABLE_HISTORICAMENTE,,,,2026,2,6,False
197865,PRODUCT,5000112611878,,2.260,,EUR,2026-02-01,3995,69461,PRICE_TAG,France,Paris,True,True,True,True,True,True,False,True,True,coca cola zero,Cocacola,"[""en:beverages-and-beverages-preparations"", ""en:beverages"", ""en:non-alcoholic-beverages"", ""en:carbonated-drinks"", ""en:soft-drinks"", ""en:artificially-sweetened-beverages"", ""en:sodas"", ""en:diet-beverages"", ""en:colas"", ""en:diet-sodas"", ""en:diet-cola-soft-drink""]",unknown,4.0,f41cd3f2dade88d4268353353d5dbf52f2025a396d4f4a709efe3ac9ab99291f,2026-09-06T22:59:54.940802+00:00,1788030591,NO_VERIFICABLE_HISTORICAMENTE,,,,2026,2,6,False
198341,PRODUCT,5000112611878,,2.090,,EUR,2026-02-02,5015,69711,PRICE_TAG,France,Clichy,True,True,True,True,True,True,False,True,True,coca cola zero,Cocacola,"[""en:beverages-and-beverages-preparations"", ""en:beverages"", ""en:non-alcoholic-beverages"", ""en:carbonated-drinks"", ""en:soft-drinks"", ""en:artificially-sweetened-beverages"", ""en:sodas"", ""en:diet-beverages"", ""en:colas"", ""en:diet-sodas"", ""en:diet-cola-soft-drink""]",unknown,4.0,f41cd3f2dade88d4268353353d5dbf52f2025a396d4f4a709efe3ac9ab99291f,2026-09-06T22:59:54.940802+00:00,1788030591,NO_VERIFICABLE_HISTORICAMENTE,,,,2026,2,0,False
198359,PRODUCT,3297760097969,,2.000,,EUR,2026-02-02,5015,69618,PRICE_TAG,France,Clichy,True,True,True,True,True,True,False,True,True,Pomme Banane Vanille,Charles & Alice,"[""en:plant-based-foods-and-beverages"", ""en:plant-based-foods"", ""en:fruit-based-foods-and-beverages"", ""en:fruits-and-vegetables-based-foods"", ""en:desserts"", ""en:fruit-based-foods"", ""en:compotes"", ""en:apple-compotes"", ""en:banana-apple-compotes""]",a,4.0,4ca81216211f1bcee72fbec12aa048f20f553391238401e6a12b791653d2924c,2026-09-06T22:58:05.692892+00:00,1784102702,NO_VERIFICABLE_HISTORICAMENTE,,,,2026,2,0,False
198632,PRODUCT,8000500391228,,3.470,,EUR,2026-02-02,3,69871,PRICE_TAG,France,Grenoble,True,True,True,True,True,True,False,True,True,Kinder Kinderini,Kinder,"[""en:snacks"", ""en:sweet-snacks"", ""en:biscuits-and-cakes"", ""en:biscuits-and-crackers"", ""en:biscuits"", ""en:pastries""]",e,4.0,541523ed87af4efb3ec302fab0b84715f2fe033aae8dbbdead2475d86083edb2,2026-09-06T23:00:21.039136+00:00,1788334947,NO_VERIFICABLE_HISTORICAMENTE,,,,2026,2,0,False
198692,PRODUCT,3760020507916,,3.390,,EUR,2026-02-02,3,69906,PRICE_TAG,France,Grenoble,True,True,True,True,True,True,False,True,True,Gaufrettes chocolat,"Jardin Bio étic, Jardin biologique, Léa Nature","[""en:snacks"", ""en:desserts"", ""en:sweet-snacks"", ""en:biscuits-and-cakes"", ""en:biscuits-and-crackers"", ""en:biscuits"", ""en:wafers"", ""en:chocolate-biscuits"", ""en:stuffed-wafers"", ""en:chocolate-stuffed-wafers""]",e,3.0,d9cea108ffaf5dd04b2e00df5ad1901015599cd34b55021ed1fc14aee7cff222,2026-09-05T19:36:23.581606+00:00,1773441594,NO_VERIFICABLE_HISTORICAMENTE,,,,2026,2,0,False
199402,PRODUCT,3770018078151,,3.590,,EUR,2026-02-03,3877,70500,PRICE_TAG,France,Arcueil,True,True,True,True,True,True,False,True,True,Bacon Vegetal Fumé,LA VIE,"[""en:meat-alternatives"", ""en:meat-analogues"", ""en:meat-analogues-from-soy-or-wheat-proteins"", ""en:bacon-substitutes"", ""en:meat-analogues-from-pea-proteins""]",d,4.0,d3b2de87961cdb4eaa4161956fe1fcc83469f0fe7c6ee05e5f930f9de9c32413,2026-09-06T22:59:23.891534+00:00,1782220495,NO_VERIFICABLE_HISTORICAMENTE,,,,2026,2,1,False
199431,PRODUCT,5000112611878,,1.750,,EUR,2026-02-03,3877,70462,PRICE_TAG,France,Arcueil,True,True,True,True,True,True,False,True,True,coca cola zero,Cocacola,"[""en:beverages-and-beverages-preparations"", ""en:beverages"", ""en:non-alcoholic-beverages"", ""en:carbonated-drinks"", ""en:soft-drinks"", ""en:artificially-sweetened-beverages"", ""en:sodas"", ""en:diet-beverages"", ""en:colas"", ""en:diet-sodas"", ""en:diet-cola-soft-drink""]",unknown,4.0,f41cd3f2dade88d4268353353d5dbf52f2025a396d4f4a709efe3ac9ab99291f,2026-09-06T22:59:54.940802+00:00,1788030591,NO_VERIFICABLE_HISTORICAMENTE,,,,2026,2,1,False
199870,PRODUCT,8000500391228,,3.250,,EUR,2026-02-03,3877,70351,PRICE_TAG,France,Arcueil,True,True,True,True,True,True,False,True,True,Kinder Kinderini,Kinder,"[""en:snacks"", ""en:sweet-snacks"", ""en:biscuits-and-cakes"", ""en:biscuits-and-crackers"", ""en:biscuits"", ""en:pastries""]",e,4.0,541523ed87af4efb3ec302fab0b84715f2fe033aae8dbbdead2475d86083edb2,2026-09-06T23:00:21.039136+00:00,1788334947,NO_VERIFICABLE_HISTORICAMENTE,,,,2026,2,1,False
201033,PRODUCT,3033491279294,,1.700,,EUR,2026-02-04,1920,71886,PRICE_TAG,France,Clichy,True,True,True,True,True,True,False,True,True,Danette double saveur vanille & chocolat,Danone,"[""en:dairies"", ""en:desserts"", ""en:dairy-desserts"", ""en:entremets-mousses-and-creamy-puddings"", ""en:chocolate-desserts"", ""en:creamy-puddings"", ""en:chocolate-creamy-puddings"", ""en:refrigerated-chocolate-creamy-puddings"", ""en:Crèmes dessert vanille chocolat""]",c,4.0,9337b9a8f828d3fea0132867547feb3b4db77b28595412f789507994a62bf174,2026-09-06T22:56:19.683954+00:00,1773985823,NO_VERIFICABLE_HISTORICAMENTE,,,,2026,2,2,False
201123,PRODUCT,8000500391228,,2.760,,EUR,2026-02-04,1920,71767,PRICE_TAG,France,Clichy,True,True,True,True,True,True,False,True,True,Kinder Kinderini,Kinder,"[""en:snacks"", ""en:sweet-snacks"", ""en:biscuits-and-cakes"", ""en:biscuits-and-crackers"", ""en:biscuits"", ""en:pastries""]",e,4.0,541523ed87af4efb3ec302fab0b84715f2fe033aae8dbbdead2475d86083edb2,2026-09-06T23:00:21.039136+00:00,1788334947,NO_VERIFICABLE_HISTORICAMENTE,,,,2026,2,2,False
201258,PRODUCT,5000112611878,,1.680,,EUR,2026-02-04,1920,71365,PRICE_TAG,France,Clichy,True,True,True,True,True,True,False,True,True,coca cola zero,Cocacola,"[""en:beverages-and-beverages-preparations"", ""en:beverages"", ""en:non-alcoholic-beverages"", ""en:carbonated-drinks"", ""en:soft-drinks"", ""en:artificially-sweetened-beverages"", ""en:sodas"", ""en:diet-beverages"", ""en:colas"", ""en:diet-sodas"", ""en:diet-cola-soft-drink""]",unknown,4.0,f41cd3f2dade88d4268353353d5dbf52f2025a396d4f4a709efe3ac9ab99291f,2026-09-06T22:59:54.940802+00:00,1788030591,NO_VERIFICABLE_HISTORICAMENTE,,,,2026,2,2,False
201438,PRODUCT,3045320517699,,2.250,,EUR,2026-02-04,1920,71912,PRICE_TAG,France,Clichy,True,True,True,True,True,True,False,True,True,Crème caramel aux œufs frais,Bonne Maman,"[""en:dairies"", ""en:desserts"", ""en:dairy-desserts"", ""en:custard-puddings"", ""en:custard-puddings-with-caramel-sauce"", ""fr:desserts-lactes-aux-oeufs""]",d,3.0,aafd046f21607968a416dd3ed65c6f362f3319d9a03fce139c23db77bed4e9f1,2026-09-06T22:56:40.992922+00:00,1782919727,NO_VERIFICABLE_HISTORICAMENTE,,,,2026,2,2,False
201997,PRODUCT,3770018078151,,3.750,,EUR,2026-02-04,2812,72115,PRICE_TAG,France,Clichy,True,True,True,True,True,True,False,True,True,Bacon Vegetal Fumé,LA VIE,"[""en:meat-alternatives"", ""en:meat-analogues"", ""en:meat-analogues-from-soy-or-wheat-proteins"", ""en:bacon-substitutes"", ""en:meat-analogues-from-pea-proteins""]",d,4.0,d3b2de87961cdb4eaa4161956fe1fcc83469f0fe7c6ee05e5f930f9de9c32413,2026-09-06T22:59:23.891534+00:00,1782220495,NO_VERIFICABLE_HISTORICAMENTE,,,,2026,2,2,False
202083,PRODUCT,3045320517699,,2.930,,EUR,2026-02-04,2812,72214,PRICE_TAG,France,Clichy,True,True,True,True,True,True,False,True,True,Crème caramel aux œufs frais,Bonne Maman,"[""en:dairies"", ""en:desserts"", ""en:dairy-desserts"", ""en:custard-puddings"", ""en:custard-puddings-with-caramel-sauce"", ""fr:desserts-lactes-aux-oeufs""]",d,3.0,aafd046f21607968a416dd3ed65c6f362f3319d9a03fce139c23db77bed4e9f1,2026-09-06T22:56:40.992922+00:00,1782919727,NO_VERIFICABLE_HISTORICAMENTE,,,,2026,2,2,False
202253,PRODUCT,3760020507916,,3.390,,EUR,2026-02-04,3,72283,RECEIPT,France,Grenoble,True,True,True,True,True,True,False,True,True,Gaufrettes chocolat,"Jardin Bio étic, Jardin biologique, Léa Nature","[""en:snacks"", ""en:desserts"", ""en:sweet-snacks"", ""en:biscuits-and-cakes"", ""en:biscuits-and-crackers"", ""en:biscuits"", ""en:wafers"", ""en:chocolate-biscuits"", ""en:stuffed-wafers"", ""en:chocolate-stuffed-wafers""]",e,3.0,d9cea108ffaf5dd04b2e00df5ad1901015599cd34b55021ed1fc14aee7cff222,2026-09-05T19:36:23.581606+00:00,1773441594,NO_VERIFICABLE_HISTORICAMENTE,,,,2026,2,2,False
203256,PRODUCT,5000112611878,,1.680,,EUR,2026-02-05,57,72450,PRICE_TAG,France,Levallois-Perret,True,True,True,True,True,True,False,True,True,coca cola zero,Cocacola,"[""en:beverages-and-beverages-preparations"", ""en:beverages"", ""en:non-alcoholic-beverages"", ""en:carbonated-drinks"", ""en:soft-drinks"", ""en:artificially-sweetened-beverages"", ""en:sodas"", ""en:diet-beverages"", ""en:colas"", ""en:diet-sodas"", ""en:diet-cola-soft-drink""]",unknown,4.0,f41cd3f2dade88d4268353353d5dbf52f2025a396d4f4a709efe3ac9ab99291f,2026-09-06T22:59:54.940802+00:00,1788030591,NO_VERIFICABLE_HISTORICAMENTE,,,,2026,2,3,False
203578,PRODUCT,3033491350795,,1.840,,EUR,2026-02-05,2577,73224,PRICE_TAG,France,Clichy,True,True,True,True,True,True,False,True,True,Activia bifidus saveur citron,Danone,"[""en:dairies"", ""en:fermented-foods"", ""en:fermented-milk-products"", ""en:desserts"", ""en:dairy-desserts"", ""en:fermented-dairy-desserts"", ""en:flavoured-fermented-dairy-desserts"", ""en:bifidus-yogurts"", ""en:flavoured-bifidus-yogurts""]",c,4.0,a42b5e3e00b24cab9b5c2abab905e3136c816253190a5e911a7c1092dcc19d9d,2026-09-06T22:56:25.042537+00:00,1785397863,NO_VERIFICABLE_HISTORICAMENTE,,,,2026,2,3,False
204180,PRODUCT,3770018078151,,3.390,,EUR,2026-02-06,3449,73534,RECEIPT,France,Montreuil,True,True,True,True,True,True,False,True,True,Bacon Vegetal Fumé,LA VIE,"[""en:meat-alternatives"", ""en:meat-analogues"", ""en:meat-analogues-from-soy-or-wheat-proteins"", ""en:bacon-substitutes"", ""en:meat-analogues-from-pea-proteins""]",d,4.0,d3b2de87961cdb4eaa4161956fe1fcc83469f0fe7c6ee05e5f930f9de9c32413,2026-09-06T22:59:23.891534+00:00,1782220495,NO_VERIFICABLE_HISTORICAMENTE,,,,2026,2,4,False
205213,PRODUCT,3038359004544,,1.020,,EUR,2026-02-07,1920,74675,PRICE_TAG,France,Clichy,True,True,True,True,True,True,False,True,True,Sauce Tomate concentrée cuisinée aux petits légumes,"Panzani, panzani","[""en:plant-based-foods-and-beverages"", ""en:plant-based-foods"", ""en:fruits-and-vegetables-based-foods"", ""en:vegetable-based-foods-and-beverages"", ""en:condiments"", ""en:vegetables-based-foods"", ""en:tomatoes-and-their-products"", ""en:sauces"", ""en:tomato-sauces"", ""en:meal-kits""]",d,4.0,1525ef9c4b93a3b937a69eaec8f574478094d6ae7f1cef983e3d35932dc3445a,2026-09-06T22:56:35.694423+00:00,1787478069,NO_VERIFICABLE_HISTORICAMENTE,,,,2026,2,5,False
205653,PRODUCT,8000500391228,,2.780,,EUR,2026-02-07,1920,74508,PRICE_TAG,France,Clichy,True,True,True,True,True,True,False,True,True,Kinder Kinderini,Kinder,"[""en:snacks"", ""en:sweet-snacks"", ""en:biscuits-and-cakes"", ""en:biscuits-and-crackers"", ""en:biscuits"", ""en:pastries""]",e,4.0,541523ed87af4efb3ec302fab0b84715f2fe033aae8dbbdead2475d86083edb2,2026-09-06T23:00:21.039136+00:00,1788334947,NO_VERIFICABLE_HISTORICAMENTE,,,,2026,2,5,False
205829,PRODUCT,3450970173834,,2.140,,EUR,2026-02-07,1920,74094,PRICE_TAG,France,Clichy,True,True,True,True,True,True,False,True,True,Nugets poulet,"Eco+, Leclerc","[""en:meats-and-their-products"", ""en:meat-preparations"", ""en:chicken-and-its-products"", ""en:breaded-products"", ""en:chicken-preparations"", ""en:poultry-nuggets"", ""en:breaded-chicken"", ""en:chicken-nuggets""]",b,4.0,b2903dee5936fc920a8e1a6566e283e292568d17f448d9e8cc673462900efccb,2026-09-06T22:58:31.879943+00:00,1786274131,NO_VERIFICABLE_HISTORICAMENTE,,,,2026,2,5,False
206074,PRODUCT,3038353911909,,2.310,,EUR,2026-02-07,1920,74151,PRICE_TAG,France,Clichy,True,True,True,True,True,True,True,True,True,Quenelles de brochet sauce Nantua,Petitjean,"[""en:canned-foods"", ""en:meals"", ""en:canned-meals"", ""en:meals-with-fish"", ""fr:quenelles"", ""en:fish-quenelles"", ""en:fish-quenelle-in-sauce"", ""en:pike-quenelles""]",c,4.0,f713a2cd4d3b4ebb3c936eb81b23522946973d2ee987128fbcd7a3779bc34b1c,2026-09-06T22:56:30.356241+00:00,1773416645,NO_VERIFICABLE_HISTORICAMENTE,8065f64b8b076cf874dfb6c347363bb7999fd2f5e1d501153684d75a375a3c6f,PRICE_TAG,2,2026,2,5,True
206706,PRODUCT,3302740047312,,2.580,,EUR,2026-02-07,1920,73909,PRICE_TAG,France,Clichy,True,True,True,True,True,True,False,True,True,Simplement bon - 25% de Sel*,Fleury Michon,"[""en:meats-and-their-products"", ""en:specific-products"", ""en:meats"", ""en:pork-and-its-products"", ""en:prepared-meats"", ""en:products-for-specific-diets"", ""en:hams"", ""en:prepared-pork-meats"", ""en:white-hams"", ""en:cooked-ham-of-superior-quality"", ""en:products-with-reduced-salt"", ""en:cooked-ham-superior-quality-reduced-salt"", ""en:prepared-meats-with-less-salt"", ""en:white-hams-with-less-salt""]",c,4.0,c6e416d7690beab36142fe27c4cfe15cba0edd1a6291fa0004a1c84a22a7a8bb,2026-09-06T22:58:11.178014+00:00,1774471953,NO_VERIFICABLE_HISTORICAMENTE,,,,2026,2,5,False
206923,PRODUCT,3242272981053,,3.080,,EUR,2026-02-07,4315,75323,PRICE_TAG,France,Clichy,True,True,True,True,True,True,False,True,True,Sandwich le méga jambon cheddar x3,Sodebo,"[""en:sandwiches"", ""en:sandwiches-filled-with-cold-cuts"", ""en:cheese-sandwiches"", ""en:ham-sandwiches"", ""en:cheddar-sandwiches"", ""en:ham-and-cheese-sandwiches"", ""fr:sandwichs-polaires""]",d,4.0,fcc59ea98d64c203ad1d9e0958086b8c4d79741d9fe17bbae4d0b561a39c5f92,2026-09-06T22:57:17.880756+00:00,1786620558,NO_VERIFICABLE_HISTORICAMENTE,,,,2026,2,5,False
208213,PRODUCT,5000112611878,,1.480,,EUR,2026-02-08,4973,75912,PRICE_TAG,France,Gennevilliers,True,True,True,True,True,True,False,True,True,coca cola zero,Cocacola,"[""en:beverages-and-beverages-preparations"", ""en:beverages"", ""en:non-alcoholic-beverages"", ""en:carbonated-drinks"", ""en:soft-drinks"", ""en:artificially-sweetened-beverages"", ""en:sodas"", ""en:diet-beverages"", ""en:colas"", ""en:diet-sodas"", ""en:diet-cola-soft-drink""]",unknown,4.0,f41cd3f2dade88d4268353353d5dbf52f2025a396d4f4a709efe3ac9ab99291f,2026-09-06T22:59:54.940802+00:00,1788030591,NO_VERIFICABLE_HISTORICAMENTE,,,,2026,2,6,False
208962,PRODUCT,3033491350795,,1.640,,EUR,2026-02-08,4973,75692,PRICE_TAG,France,Gennevilliers,True,True,True,True,True,True,False,True,True,Activia bifidus saveur citron,Danone,"[""en:dairies"", ""en:fermented-foods"", ""en:fermented-milk-products"", ""en:desserts"", ""en:dairy-desserts"", ""en:fermented-dairy-desserts"", ""en:flavoured-fermented-dairy-desserts"", ""en:bifidus-yogurts"", ""en:flavoured-bifidus-yogurts""]",c,4.0,a42b5e3e00b24cab9b5c2abab905e3136c816253190a5e911a7c1092dcc19d9d,2026-09-06T22:56:25.042537+00:00,1785397863,NO_VERIFICABLE_HISTORICAMENTE,,,,2026,2,6,False
209016,PRODUCT,3045320517699,,2.140,,EUR,2026-02-08,4973,76787,PRICE_TAG,France,Gennevilliers,True,True,True,True,True,True,True,True,True,Crème caramel aux œufs frais,Bonne Maman,"[""en:dairies"", ""en:desserts"", ""en:dairy-desserts"", ""en:custard-puddings"", ""en:custard-puddings-with-caramel-sauce"", ""fr:desserts-lactes-aux-oeufs""]",d,3.0,aafd046f21607968a416dd3ed65c6f362f3319d9a03fce139c23db77bed4e9f1,2026-09-06T22:56:40.992922+00:00,1782919727,NO_VERIFICABLE_HISTORICAMENTE,99dfcaeb3c1a9ebf9d8d3a021c0c9903937b50f42a6fd0fd9232c90558b4844e,PRICE_TAG,2,2026,2,6,True
211122,PRODUCT,3033491350795,,2.300,,EUR,2026-02-09,1948,77283,PRICE_TAG,France,Clichy,True,True,True,True,True,True,False,True,True,Activia bifidus saveur citron,Danone,"[""en:dairies"", ""en:fermented-foods"", ""en:fermented-milk-products"", ""en:desserts"", ""en:dairy-desserts"", ""en:fermented-dairy-desserts"", ""en:flavoured-fermented-dairy-desserts"", ""en:bifidus-yogurts"", ""en:flavoured-bifidus-yogurts""]",c,4.0,a42b5e3e00b24cab9b5c2abab905e3136c816253190a5e911a7c1092dcc19d9d,2026-09-06T22:56:25.042537+00:00,1785397863,NO_VERIFICABLE_HISTORICAMENTE,,,,2026,2,0,False
211410,PRODUCT,8000500391228,,3.990,,EUR,2026-02-09,2977,77393,PRICE_TAG,France,Paris,True,True,True,True,True,True,False,True,True,Kinder Kinderini,Kinder,"[""en:snacks"", ""en:sweet-snacks"", ""en:biscuits-and-cakes"", ""en:biscuits-and-crackers"", ""en:biscuits"", ""en:pastries""]",e,4.0,541523ed87af4efb3ec302fab0b84715f2fe033aae8dbbdead2475d86083edb2,2026-09-06T23:00:21.039136+00:00,1788334947,NO_VERIFICABLE_HISTORICAMENTE,,,,2026,2,0,False
211687,PRODUCT,3033491451652,,3.420,,EUR,2026-02-09,2977,77337,PRICE_TAG,France,Paris,True,True,True,True,True,True,False,True,True,"Le petit suisse gervais nature 9,5 % 60 g x 12",GERVAIS,"[""en:dairies"", ""en:fermented-foods"", ""en:fermented-milk-products"", ""en:desserts"", ""en:dairy-desserts"", ""en:fermented-dairy-desserts"", ""en:fromages-blancs-petit-suisses-and-skyr"", ""en:petits-suisses"", ""en:plain-fermented-dairy-desserts"", ""en:plain-petit-suisse"", ""fr:fromages-blancs""]",c,1.0,4f4f349aabb1015eafbf3f0f76a06dc782c3b0cb841cf9095ed4cf9c1f2e1ec0,2026-09-05T19:37:13.847004+00:00,1788543018,NO_VERIFICABLE_HISTORICAMENTE,,,,2026,2,0,False
211741,PRODUCT,3033491350795,,1.970,,EUR,2026-02-09,2977,77339,PRICE_TAG,France,Paris,True,True,True,True,True,True,True,True,True,Activia bifidus saveur citron,Danone,"[""en:dairies"", ""en:fermented-foods"", ""en:fermented-milk-products"", ""en:desserts"", ""en:dairy-desserts"", ""en:fermented-dairy-desserts"", ""en:flavoured-fermented-dairy-desserts"", ""en:bifidus-yogurts"", ""en:flavoured-bifidus-yogurts""]",c,4.0,a42b5e3e00b24cab9b5c2abab905e3136c816253190a5e911a7c1092dcc19d9d,2026-09-06T22:56:25.042537+00:00,1785397863,NO_VERIFICABLE_HISTORICAMENTE,81a9d11be5e939e68ca9a21d60eb9c8e748227fc4a300a90bef62132af68b06a,PRICE_TAG,2,2026,2,0,True
211745,PRODUCT,3273220530375,,1.650,,EUR,2026-02-09,2977,77338,PRICE_TAG,France,Paris,True,True,True,True,True,True,False,True,True,Yaourt nature 0%,Vrai,"[""en:dairies"", ""en:fermented-foods"", ""en:fermented-milk-products"", ""en:desserts"", ""en:dairy-desserts"", ""en:fermented-dairy-desserts"", ""en:yogurts"", ""en:plain-fermented-dairy-desserts"", ""en:low-fat-yogurts"", ""en:plain-yogurts""]",a,3.0,6ded435720592454a2d9667c61e7fdd74a5e134d1f4d2505a20e41f9f80fbf8d,2026-09-06T22:58:00.345507+00:00,1772012529,NO_VERIFICABLE_HISTORICAMENTE,,,,2026,2,0,False
212331,PRODUCT,8000500391228,,3.590,,EUR,2026-02-10,4220,78045,PRICE_TAG,France,Arcueil,True,True,True,True,True,True,False,True,True,Kinder Kinderini,Kinder,"[""en:snacks"", ""en:sweet-snacks"", ""en:biscuits-and-cakes"", ""en:biscuits-and-crackers"", ""en:biscuits"", ""en:pastries""]",e,4.0,541523ed87af4efb3ec302fab0b84715f2fe033aae8dbbdead2475d86083edb2,2026-09-06T23:00:21.039136+00:00,1788334947,NO_VERIFICABLE_HISTORICAMENTE,,,,2026,2,1,False
212353,PRODUCT,5000112611878,,2.190,,EUR,2026-02-10,4220,77959,PRICE_TAG,France,Arcueil,True,True,True,True,True,True,False,True,True,coca cola zero,Cocacola,"[""en:beverages-and-beverages-preparations"", ""en:beverages"", ""en:non-alcoholic-beverages"", ""en:carbonated-drinks"", ""en:soft-drinks"", ""en:artificially-sweetened-beverages"", ""en:sodas"", ""en:diet-beverages"", ""en:colas"", ""en:diet-sodas"", ""en:diet-cola-soft-drink""]",unknown,4.0,f41cd3f2dade88d4268353353d5dbf52f2025a396d4f4a709efe3ac9ab99291f,2026-09-06T22:59:54.940802+00:00,1788030591,NO_VERIFICABLE_HISTORICAMENTE,,,,2026,2,1,False
212479,PRODUCT,3240931548135,,3.790,,EUR,2026-02-10,4220,77746,PRICE_TAG,France,Arcueil,True,True,True,True,True,True,False,True,True,Lustucru gnocchi a poêler format xxl 720g,"Lustucru, Lustucru selection","[""en:plant-based-foods-and-beverages"", ""en:plant-based-foods"", ""en:cereals-and-potatoes"", ""en:frozen-foods"", ""en:cereals-and-their-products"", ""en:potatoes-and-their-products"", ""en:pastas"", ""en:cereal-pastas"", ""en:fresh-pasta"", ""en:gnocchi"", ""en:gnocchi-of-durum-wheat-semolina"", ""en:potato-gnocchi""]",c,3.0,b04956fb72164d0aa169caa42e9bfdbb13617cfbe2044d789ec498de0fa4d998,2026-09-06T22:57:12.552522+00:00,1788452995,NO_VERIFICABLE_HISTORICAMENTE,,,,2026,2,1,False
212734,PRODUCT,3220035229611,,2.890,,EUR,2026-02-10,4220,78164,PRICE_TAG,France,Arcueil,True,True,True,True,True,True,False,True,True,Cassonade,"Saint louis, Saint-Louis","[""en:sweeteners"", ""en:sugars"", ""en:brown-sugars"", ""en:cane-sugars"", ""fr:cassonades""]",e,2.0,2d886b3652dcce1dc85336eb81d739ae10e498acf96c7600c57c78eb69bcf61f,2026-09-05T19:36:28.786097+00:00,1787997987,NO_VERIFICABLE_HISTORICAMENTE,,,,2026,2,1,False
213080,PRODUCT,3033491279294,,1.680,,EUR,2026-02-08,4973,75719,PRICE_TAG,France,Gennevilliers,True,True,True,True,True,True,False,True,True,Danette double saveur vanille & chocolat,Danone,"[""en:dairies"", ""en:desserts"", ""en:dairy-desserts"", ""en:entremets-mousses-and-creamy-puddings"", ""en:chocolate-desserts"", ""en:creamy-puddings"", ""en:chocolate-creamy-puddings"", ""en:refrigerated-chocolate-creamy-puddings"", ""en:Crèmes dessert vanille chocolat""]",c,4.0,9337b9a8f828d3fea0132867547feb3b4db77b28595412f789507994a62bf174,2026-09-06T22:56:19.683954+00:00,1773985823,NO_VERIFICABLE_HISTORICAMENTE,,,,2026,2,6,False
213499,PRODUCT,8000500391228,,3.990,,EUR,2026-02-10,2028,78365,PRICE_TAG,France,Paris,True,True,True,True,True,True,True,True,True,Kinder Kinderini,Kinder,"[""en:snacks"", ""en:sweet-snacks"", ""en:biscuits-and-cakes"", ""en:biscuits-and-crackers"", ""en:biscuits"", ""en:pastries""]",e,4.0,541523ed87af4efb3ec302fab0b84715f2fe033aae8dbbdead2475d86083edb2,2026-09-06T23:00:21.039136+00:00,1788334947,NO_VERIFICABLE_HISTORICAMENTE,863e3932875c633c21b628a47c8efbc49ec9347403fee423e3644b42952c3781,PRICE_TAG,2,2026,2,1,True
213522,PRODUCT,3302740047312,,3.080,,EUR,2026-02-10,5015,78229,PRICE_TAG,France,Clichy,True,True,True,True,True,True,True,True,True,Simplement bon - 25% de Sel*,Fleury Michon,"[""en:meats-and-their-products"", ""en:specific-products"", ""en:meats"", ""en:pork-and-its-products"", ""en:prepared-meats"", ""en:products-for-specific-diets"", ""en:hams"", ""en:prepared-pork-meats"", ""en:white-hams"", ""en:cooked-ham-of-superior-quality"", ""en:products-with-reduced-salt"", ""en:cooked-ham-superior-quality-reduced-salt"", ""en:prepared-meats-with-less-salt"", ""en:white-hams-with-less-salt""]",c,4.0,c6e416d7690beab36142fe27c4cfe15cba0edd1a6291fa0004a1c84a22a7a8bb,2026-09-06T22:58:11.178014+00:00,1774471953,NO_VERIFICABLE_HISTORICAMENTE,7f37fff97d28c2c2e507537e0692365fc8561237a95f92347bf15d7d70a40377,PRICE_TAG,2,2026,2,1,True
214436,PRODUCT,3045320517699,,3.750,,EUR,2026-02-11,1831,79461,PRICE_TAG,France,Clichy,True,True,True,True,True,True,False,True,True,Crème caramel aux œufs frais,Bonne Maman,"[""en:dairies"", ""en:desserts"", ""en:dairy-desserts"", ""en:custard-puddings"", ""en:custard-puddings-with-caramel-sauce"", ""fr:desserts-lactes-aux-oeufs""]",d,3.0,aafd046f21607968a416dd3ed65c6f362f3319d9a03fce139c23db77bed4e9f1,2026-09-06T22:56:40.992922+00:00,1782919727,NO_VERIFICABLE_HISTORICAMENTE,,,,2026,2,2,False
214701,PRODUCT,3242272981053,,2.970,,EUR,2026-02-11,5227,79628,PRICE_TAG,France,Vandœuvre-lès-Nancy,True,True,True,True,True,True,False,True,True,Sandwich le méga jambon cheddar x3,Sodebo,"[""en:sandwiches"", ""en:sandwiches-filled-with-cold-cuts"", ""en:cheese-sandwiches"", ""en:ham-sandwiches"", ""en:cheddar-sandwiches"", ""en:ham-and-cheese-sandwiches"", ""fr:sandwichs-polaires""]",d,4.0,fcc59ea98d64c203ad1d9e0958086b8c4d79741d9fe17bbae4d0b561a39c5f92,2026-09-06T22:57:17.880756+00:00,1786620558,NO_VERIFICABLE_HISTORICAMENTE,,,,2026,2,2,False
215354,PRODUCT,8000500391228,,3.990,,EUR,2026-02-11,2977,79669,PRICE_TAG,France,Paris,True,True,True,True,True,True,False,True,True,Kinder Kinderini,Kinder,"[""en:snacks"", ""en:sweet-snacks"", ""en:biscuits-and-cakes"", ""en:biscuits-and-crackers"", ""en:biscuits"", ""en:pastries""]",e,4.0,541523ed87af4efb3ec302fab0b84715f2fe033aae8dbbdead2475d86083edb2,2026-09-06T23:00:21.039136+00:00,1788334947,NO_VERIFICABLE_HISTORICAMENTE,,,,2026,2,2,False
215568,PRODUCT,8000500391228,,3.470,,EUR,2026-02-12,5235,79764,PRICE_TAG,France,Bagneux,True,True,True,True,True,True,False,True,True,Kinder Kinderini,Kinder,"[""en:snacks"", ""en:sweet-snacks"", ""en:biscuits-and-cakes"", ""en:biscuits-and-crackers"", ""en:biscuits"", ""en:pastries""]",e,4.0,541523ed87af4efb3ec302fab0b84715f2fe033aae8dbbdead2475d86083edb2,2026-09-06T23:00:21.039136+00:00,1788334947,NO_VERIFICABLE_HISTORICAMENTE,,,,2026,2,3,False
215735,PRODUCT,5000112611878,,1.900,,EUR,2026-02-12,5235,79901,PRICE_TAG,France,Bagneux,True,True,True,True,True,True,True,True,True,coca cola zero,Cocacola,"[""en:beverages-and-beverages-preparations"", ""en:beverages"", ""en:non-alcoholic-beverages"", ""en:carbonated-drinks"", ""en:soft-drinks"", ""en:artificially-sweetened-beverages"", ""en:sodas"", ""en:diet-beverages"", ""en:colas"", ""en:diet-sodas"", ""en:diet-cola-soft-drink""]",unknown,4.0,f41cd3f2dade88d4268353353d5dbf52f2025a396d4f4a709efe3ac9ab99291f,2026-09-06T22:59:54.940802+00:00,1788030591,NO_VERIFICABLE_HISTORICAMENTE,59858690c1a77219ec6dba704e9961b84bf3e6981c728f4fa6a863bf30676ed5,PRICE_TAG,2,2026,2,3,True
215818,PRODUCT,5000112611878,,1.900,,EUR,2026-02-12,5235,79904,PRICE_TAG,France,Bagneux,True,True,True,True,True,True,False,True,True,coca cola zero,Cocacola,"[""en:beverages-and-beverages-preparations"", ""en:beverages"", ""en:non-alcoholic-beverages"", ""en:carbonated-drinks"", ""en:soft-drinks"", ""en:artificially-sweetened-beverages"", ""en:sodas"", ""en:diet-beverages"", ""en:colas"", ""en:diet-sodas"", ""en:diet-cola-soft-drink""]",unknown,4.0,f41cd3f2dade88d4268353353d5dbf52f2025a396d4f4a709efe3ac9ab99291f,2026-09-06T22:59:54.940802+00:00,1788030591,NO_VERIFICABLE_HISTORICAMENTE,,,,2026,2,3,False
216014,PRODUCT,3033491350795,,2.050,,EUR,2026-02-12,2812,80045,PRICE_TAG,France,Clichy,True,True,True,True,True,True,False,True,True,Activia bifidus saveur citron,Danone,"[""en:dairies"", ""en:fermented-foods"", ""en:fermented-milk-products"", ""en:desserts"", ""en:dairy-desserts"", ""en:fermented-dairy-desserts"", ""en:flavoured-fermented-dairy-desserts"", ""en:bifidus-yogurts"", ""en:flavoured-bifidus-yogurts""]",c,4.0,a42b5e3e00b24cab9b5c2abab905e3136c816253190a5e911a7c1092dcc19d9d,2026-09-06T22:56:25.042537+00:00,1785397863,NO_VERIFICABLE_HISTORICAMENTE,,,,2026,2,3,False
216904,PRODUCT,5000112611878,,1.990,,EUR,2026-02-13,2224,80417,PRICE_TAG,France,Paris,True,True,True,True,True,True,False,True,True,coca cola zero,Cocacola,"[""en:beverages-and-beverages-preparations"", ""en:beverages"", ""en:non-alcoholic-beverages"", ""en:carbonated-drinks"", ""en:soft-drinks"", ""en:artificially-sweetened-beverages"", ""en:sodas"", ""en:diet-beverages"", ""en:colas"", ""en:diet-sodas"", ""en:diet-cola-soft-drink""]",unknown,4.0,f41cd3f2dade88d4268353353d5dbf52f2025a396d4f4a709efe3ac9ab99291f,2026-09-06T22:59:54.940802+00:00,1788030591,NO_VERIFICABLE_HISTORICAMENTE,,,,2026,2,4,False
216945,PRODUCT,8000500391228,,3.490,,EUR,2026-02-13,2224,80293,PRICE_TAG,France,Paris,True,True,True,True,True,True,False,True,True,Kinder Kinderini,Kinder,"[""en:snacks"", ""en:sweet-snacks"", ""en:biscuits-and-cakes"", ""en:biscuits-and-crackers"", ""en:biscuits"", ""en:pastries""]",e,4.0,541523ed87af4efb3ec302fab0b84715f2fe033aae8dbbdead2475d86083edb2,2026-09-06T23:00:21.039136+00:00,1788334947,NO_VERIFICABLE_HISTORICAMENTE,,,,2026,2,4,False
217065,PRODUCT,3033491350795,,1.690,,EUR,2026-02-13,2224,81106,PRICE_TAG,France,Paris,True,True,True,True,True,True,False,True,True,Activia bifidus saveur citron,Danone,"[""en:dairies"", ""en:fermented-foods"", ""en:fermented-milk-products"", ""en:desserts"", ""en:dairy-desserts"", ""en:fermented-dairy-desserts"", ""en:flavoured-fermented-dairy-desserts"", ""en:bifidus-yogurts"", ""en:flavoured-bifidus-yogurts""]",c,4.0,a42b5e3e00b24cab9b5c2abab905e3136c816253190a5e911a7c1092dcc19d9d,2026-09-06T22:56:25.042537+00:00,1785397863,NO_VERIFICABLE_HISTORICAMENTE,,,,2026,2,4,False
217261,PRODUCT,3560071266721,,1.690,,EUR,2026-02-13,2224,80864,PRICE_TAG,France,Paris,True,True,True,True,True,True,False,True,True,Frimouss' au chocolat,Carrefour,"[""en:snacks"", ""en:sweet-snacks"", ""en:biscuits-and-cakes"", ""en:biscuits-and-crackers"", ""en:biscuits"", ""en:chocolate-biscuits""]",e,4.0,77addbcf09f1edb4dd42a25c757ab4bec013498d6ec3e5d9be12e66bc04b0951,2026-09-06T22:58:47.721076+00:00,1783494330,NO_VERIFICABLE_HISTORICAMENTE,,,,2026,2,4,False
217523,PRODUCT,3297760097969,,1.850,,EUR,2026-02-13,2224,81119,PRICE_TAG,France,Paris,True,True,True,True,True,True,False,True,True,Pomme Banane Vanille,Charles & Alice,"[""en:plant-based-foods-and-beverages"", ""en:plant-based-foods"", ""en:fruit-based-foods-and-beverages"", ""en:fruits-and-vegetables-based-foods"", ""en:desserts"", ""en:fruit-based-foods"", ""en:compotes"", ""en:apple-compotes"", ""en:banana-apple-compotes""]",a,4.0,4ca81216211f1bcee72fbec12aa048f20f553391238401e6a12b791653d2924c,2026-09-06T22:58:05.692892+00:00,1784102702,NO_VERIFICABLE_HISTORICAMENTE,,,,2026,2,4,False
217602,PRODUCT,3045320517699,,2.550,,EUR,2026-02-13,2224,81196,PRICE_TAG,France,Paris,True,True,True,True,True,True,False,True,True,Crème caramel aux œufs frais,Bonne Maman,"[""en:dairies"", ""en:desserts"", ""en:dairy-desserts"", ""en:custard-puddings"", ""en:custard-puddings-with-caramel-sauce"", ""fr:desserts-lactes-aux-oeufs""]",d,3.0,aafd046f21607968a416dd3ed65c6f362f3319d9a03fce139c23db77bed4e9f1,2026-09-06T22:56:40.992922+00:00,1782919727,NO_VERIFICABLE_HISTORICAMENTE,,,,2026,2,4,False
217687,PRODUCT,3456300014556,,2.390,,EUR,2026-02-13,2224,80855,PRICE_TAG,France,Paris,True,True,True,True,True,True,False,True,True,Fourrés Chocolat🍫,"Jardin Bio étic, jardin bio étic Léa Nature","[""en:snacks"", ""en:frozen-foods"", ""en:sweet-snacks"", ""en:biscuits-and-cakes"", ""en:biscuits-and-crackers"", ""en:biscuits"", ""en:filled-biscuits""]",d,3.0,28163a9aa69ae9dc57a947e50ab8cfa93c424eb067341d182af5a868ba9d1823,2026-09-06T22:58:37.175429+00:00,1788508142,NO_VERIFICABLE_HISTORICAMENTE,,,,2026,2,4,False
218325,PRODUCT,3045320517699,,2.550,,EUR,2026-02-13,2224,81201,PRICE_TAG,France,Paris,True,True,True,True,True,True,False,True,True,Crème caramel aux œufs frais,Bonne Maman,"[""en:dairies"", ""en:desserts"", ""en:dairy-desserts"", ""en:custard-puddings"", ""en:custard-puddings-with-caramel-sauce"", ""fr:desserts-lactes-aux-oeufs""]",d,3.0,aafd046f21607968a416dd3ed65c6f362f3319d9a03fce139c23db77bed4e9f1,2026-09-06T22:56:40.992922+00:00,1782919727,NO_VERIFICABLE_HISTORICAMENTE,,,,2026,2,4,False
218389,PRODUCT,3297760097969,,1.110,,EUR,2026-02-13,2224,81116,PRICE_TAG,France,Paris,True,True,True,True,True,True,False,True,True,Pomme Banane Vanille,Charles & Alice,"[""en:plant-based-foods-and-beverages"", ""en:plant-based-foods"", ""en:fruit-based-foods-and-beverages"", ""en:fruits-and-vegetables-based-foods"", ""en:desserts"", ""en:fruit-based-foods"", ""en:compotes"", ""en:apple-compotes"", ""en:banana-apple-compotes""]",a,4.0,4ca81216211f1bcee72fbec12aa048f20f553391238401e6a12b791653d2924c,2026-09-06T22:58:05.692892+00:00,1784102702,NO_VERIFICABLE_HISTORICAMENTE,,,,2026,2,4,False
222314,PRODUCT,3450970173834,,2.300,,EUR,2026-02-15,4973,82979,PRICE_TAG,France,Gennevilliers,True,True,True,True,True,True,False,True,True,Nugets poulet,"Eco+, Leclerc","[""en:meats-and-their-products"", ""en:meat-preparations"", ""en:chicken-and-its-products"", ""en:breaded-products"", ""en:chicken-preparations"", ""en:poultry-nuggets"", ""en:breaded-chicken"", ""en:chicken-nuggets""]",b,4.0,b2903dee5936fc920a8e1a6566e283e292568d17f448d9e8cc673462900efccb,2026-09-06T22:58:31.879943+00:00,1786274131,NO_VERIFICABLE_HISTORICAMENTE,,,,2026,2,6,False
222850,PRODUCT,3033491279294,,2.050,,EUR,2026-02-15,2217,84013,PRICE_TAG,France,Clichy,True,True,True,True,True,True,False,True,True,Danette double saveur vanille & chocolat,Danone,"[""en:dairies"", ""en:desserts"", ""en:dairy-desserts"", ""en:entremets-mousses-and-creamy-puddings"", ""en:chocolate-desserts"", ""en:creamy-puddings"", ""en:chocolate-creamy-puddings"", ""en:refrigerated-chocolate-creamy-puddings"", ""en:Crèmes dessert vanille chocolat""]",c,4.0,9337b9a8f828d3fea0132867547feb3b4db77b28595412f789507994a62bf174,2026-09-06T22:56:19.683954+00:00,1773985823,NO_VERIFICABLE_HISTORICAMENTE,,,,2026,2,6,False
222875,PRODUCT,3033491350795,,1.860,,EUR,2026-02-15,2217,84016,PRICE_TAG,France,Clichy,True,True,True,True,True,True,False,True,True,Activia bifidus saveur citron,Danone,"[""en:dairies"", ""en:fermented-foods"", ""en:fermented-milk-products"", ""en:desserts"", ""en:dairy-desserts"", ""en:fermented-dairy-desserts"", ""en:flavoured-fermented-dairy-desserts"", ""en:bifidus-yogurts"", ""en:flavoured-bifidus-yogurts""]",c,4.0,a42b5e3e00b24cab9b5c2abab905e3136c816253190a5e911a7c1092dcc19d9d,2026-09-06T22:56:25.042537+00:00,1785397863,NO_VERIFICABLE_HISTORICAMENTE,,,,2026,2,6,False
223897,PRODUCT,3033491350795,,1.900,,EUR,2026-02-17,5015,84533,PRICE_TAG,France,Clichy,True,True,True,True,True,True,False,True,True,Activia bifidus saveur citron,Danone,"[""en:dairies"", ""en:fermented-foods"", ""en:fermented-milk-products"", ""en:desserts"", ""en:dairy-desserts"", ""en:fermented-dairy-desserts"", ""en:flavoured-fermented-dairy-desserts"", ""en:bifidus-yogurts"", ""en:flavoured-bifidus-yogurts""]",c,4.0,a42b5e3e00b24cab9b5c2abab905e3136c816253190a5e911a7c1092dcc19d9d,2026-09-06T22:56:25.042537+00:00,1785397863,NO_VERIFICABLE_HISTORICAMENTE,,,,2026,2,1,False
224485,PRODUCT,3033491350795,,2.050,,EUR,2026-02-18,2812,84790,PRICE_TAG,France,Clichy,True,True,True,True,True,True,False,True,True,Activia bifidus saveur citron,Danone,"[""en:dairies"", ""en:fermented-foods"", ""en:fermented-milk-products"", ""en:desserts"", ""en:dairy-desserts"", ""en:fermented-dairy-desserts"", ""en:flavoured-fermented-dairy-desserts"", ""en:bifidus-yogurts"", ""en:flavoured-bifidus-yogurts""]",c,4.0,a42b5e3e00b24cab9b5c2abab905e3136c816253190a5e911a7c1092dcc19d9d,2026-09-06T22:56:25.042537+00:00,1785397863,NO_VERIFICABLE_HISTORICAMENTE,,,,2026,2,2,False
224867,PRODUCT,3770018078151,,3.410,,EUR,2026-02-18,1920,85167,PRICE_TAG,France,Clichy,True,True,True,True,True,True,False,True,True,Bacon Vegetal Fumé,LA VIE,"[""en:meat-alternatives"", ""en:meat-analogues"", ""en:meat-analogues-from-soy-or-wheat-proteins"", ""en:bacon-substitutes"", ""en:meat-analogues-from-pea-proteins""]",d,4.0,d3b2de87961cdb4eaa4161956fe1fcc83469f0fe7c6ee05e5f930f9de9c32413,2026-09-06T22:59:23.891534+00:00,1782220495,NO_VERIFICABLE_HISTORICAMENTE,,,,2026,2,2,False
224978,PRODUCT,8000500391228,,2.870,,EUR,2026-02-18,1920,85006,PRICE_TAG,France,Clichy,True,True,True,True,True,True,False,True,True,Kinder Kinderini,Kinder,"[""en:snacks"", ""en:sweet-snacks"", ""en:biscuits-and-cakes"", ""en:biscuits-and-crackers"", ""en:biscuits"", ""en:pastries""]",e,4.0,541523ed87af4efb3ec302fab0b84715f2fe033aae8dbbdead2475d86083edb2,2026-09-06T23:00:21.039136+00:00,1788334947,NO_VERIFICABLE_HISTORICAMENTE,,,,2026,2,2,False
224979,PRODUCT,8000500391228,,2.870,,EUR,2026-02-18,1920,85005,PRICE_TAG,France,Clichy,True,True,True,True,True,True,False,True,True,Kinder Kinderini,Kinder,"[""en:snacks"", ""en:sweet-snacks"", ""en:biscuits-and-cakes"", ""en:biscuits-and-crackers"", ""en:biscuits"", ""en:pastries""]",e,4.0,541523ed87af4efb3ec302fab0b84715f2fe033aae8dbbdead2475d86083edb2,2026-09-06T23:00:21.039136+00:00,1788334947,NO_VERIFICABLE_HISTORICAMENTE,,,,2026,2,2,False
224980,PRODUCT,8000500391228,,2.870,,EUR,2026-02-18,1920,85005,PRICE_TAG,France,Clichy,True,True,True,True,True,True,False,True,True,Kinder Kinderini,Kinder,"[""en:snacks"", ""en:sweet-snacks"", ""en:biscuits-and-cakes"", ""en:biscuits-and-crackers"", ""en:biscuits"", ""en:pastries""]",e,4.0,541523ed87af4efb3ec302fab0b84715f2fe033aae8dbbdead2475d86083edb2,2026-09-06T23:00:21.039136+00:00,1788334947,NO_VERIFICABLE_HISTORICAMENTE,,,,2026,2,2,False
226410,PRODUCT,3770018078151,,3.410,,EUR,2026-02-21,1920,87106,PRICE_TAG,France,Clichy,True,True,True,True,True,True,False,True,True,Bacon Vegetal Fumé,LA VIE,"[""en:meat-alternatives"", ""en:meat-analogues"", ""en:meat-analogues-from-soy-or-wheat-proteins"", ""en:bacon-substitutes"", ""en:meat-analogues-from-pea-proteins""]",d,4.0,d3b2de87961cdb4eaa4161956fe1fcc83469f0fe7c6ee05e5f930f9de9c32413,2026-09-06T22:59:23.891534+00:00,1782220495,NO_VERIFICABLE_HISTORICAMENTE,,,,2026,2,5,False
226412,PRODUCT,3770018078151,,3.410,,EUR,2026-02-21,1920,87106,PRICE_TAG,France,Clichy,True,True,True,True,True,True,False,True,True,Bacon Vegetal Fumé,LA VIE,"[""en:meat-alternatives"", ""en:meat-analogues"", ""en:meat-analogues-from-soy-or-wheat-proteins"", ""en:bacon-substitutes"", ""en:meat-analogues-from-pea-proteins""]",d,4.0,d3b2de87961cdb4eaa4161956fe1fcc83469f0fe7c6ee05e5f930f9de9c32413,2026-09-06T22:59:23.891534+00:00,1782220495,NO_VERIFICABLE_HISTORICAMENTE,,,,2026,2,5,False
226989,PRODUCT,3165959213028,,2.290,,EUR,2026-02-21,1920,87795,PRICE_TAG,France,Clichy,True,True,True,True,True,True,True,True,True,Saupiquet - Thon à la Catalane,Saupiquet,"[""en:seafood"", ""en:fishes-and-their-products"", ""en:canned-foods"", ""en:fishes"", ""en:fatty-fishes"", ""en:meals"", ""en:canned-fishes"", ""en:tunas"", ""en:meals-with-fish"", ""en:tuna-in-catalan-style""]",c,4.0,211e36bf2792ead092a9301b7f45bcdb8033e2dc0fc9a4c394665ad8fbd7fb7d,2026-09-06T22:56:56.295961+00:00,1779304745,NO_VERIFICABLE_HISTORICAMENTE,306b1685dd2a8eb89358ff12b8e8f26feb8a5fd127c96bd4e2f894bb520695c9,PRICE_TAG,2,2026,2,5,True
227729,PRODUCT,8000500391228,,2.870,,EUR,2026-02-21,1920,88349,PRICE_TAG,France,Clichy,True,True,True,True,True,True,False,True,True,Kinder Kinderini,Kinder,"[""en:snacks"", ""en:sweet-snacks"", ""en:biscuits-and-cakes"", ""en:biscuits-and-crackers"", ""en:biscuits"", ""en:pastries""]",e,4.0,541523ed87af4efb3ec302fab0b84715f2fe033aae8dbbdead2475d86083edb2,2026-09-06T23:00:21.039136+00:00,1788334947,NO_VERIFICABLE_HISTORICAMENTE,,,,2026,2,5,False
228143,PRODUCT,3019089042228,,2.080,,EUR,2026-02-21,1920,87828,PRICE_TAG,France,Clichy,True,True,True,True,True,True,False,True,True,Rilettes de thon,Petit Navire,"[""en:seafood"", ""en:fishes-and-their-products"", ""en:fishes"", ""en:spreads"", ""en:fatty-fishes"", ""en:salted-spreads"", ""en:rillettes"", ""en:tunas"", ""en:fish-preparations"", ""en:fish-rillettes"", ""en:tuna-preparations"", ""en:tuna-rillettes""]",b,4.0,93fb7c44d4b195f9d413ab31e4a27740bd30a9145da7f06004d0449b96b9eadc,2026-09-06T22:56:14.270975+00:00,1774494952,NO_VERIFICABLE_HISTORICAMENTE,,,,2026,2,5,False
228372,PRODUCT,3165959213028,,2.290,,EUR,2026-02-21,1920,87792,PRICE_TAG,France,Clichy,True,True,True,True,True,True,False,True,True,Saupiquet - Thon à la Catalane,Saupiquet,"[""en:seafood"", ""en:fishes-and-their-products"", ""en:canned-foods"", ""en:fishes"", ""en:fatty-fishes"", ""en:meals"", ""en:canned-fishes"", ""en:tunas"", ""en:meals-with-fish"", ""en:tuna-in-catalan-style""]",c,4.0,211e36bf2792ead092a9301b7f45bcdb8033e2dc0fc9a4c394665ad8fbd7fb7d,2026-09-06T22:56:56.295961+00:00,1779304745,NO_VERIFICABLE_HISTORICAMENTE,,,,2026,2,5,False
228453,PRODUCT,3240931548135,,2.820,,EUR,2026-02-21,1920,87047,PRICE_TAG,France,Clichy,True,True,True,True,True,True,False,True,True,Lustucru gnocchi a poêler format xxl 720g,"Lustucru, Lustucru selection","[""en:plant-based-foods-and-beverages"", ""en:plant-based-foods"", ""en:cereals-and-potatoes"", ""en:frozen-foods"", ""en:cereals-and-their-products"", ""en:potatoes-and-their-products"", ""en:pastas"", ""en:cereal-pastas"", ""en:fresh-pasta"", ""en:gnocchi"", ""en:gnocchi-of-durum-wheat-semolina"", ""en:potato-gnocchi""]",c,3.0,b04956fb72164d0aa169caa42e9bfdbb13617cfbe2044d789ec498de0fa4d998,2026-09-06T22:57:12.552522+00:00,1788452995,NO_VERIFICABLE_HISTORICAMENTE,,,,2026,2,5,False
229424,PRODUCT,3302740047312,,2.550,,EUR,2026-02-20,1920,85717,PRICE_TAG,France,Clichy,True,True,True,True,True,True,False,True,True,Simplement bon - 25% de Sel*,Fleury Michon,"[""en:meats-and-their-products"", ""en:specific-products"", ""en:meats"", ""en:pork-and-its-products"", ""en:prepared-meats"", ""en:products-for-specific-diets"", ""en:hams"", ""en:prepared-pork-meats"", ""en:white-hams"", ""en:cooked-ham-of-superior-quality"", ""en:products-with-reduced-salt"", ""en:cooked-ham-superior-quality-reduced-salt"", ""en:prepared-meats-with-less-salt"", ""en:white-hams-with-less-salt""]",c,4.0,c6e416d7690beab36142fe27c4cfe15cba0edd1a6291fa0004a1c84a22a7a8bb,2026-09-06T22:58:11.178014+00:00,1774471953,NO_VERIFICABLE_HISTORICAMENTE,,,,2026,2,4,False
229854,PRODUCT,3033491279294,,1.710,,EUR,2026-02-20,1920,85792,PRICE_TAG,France,Clichy,True,True,True,True,True,True,False,True,True,Danette double saveur vanille & chocolat,Danone,"[""en:dairies"", ""en:desserts"", ""en:dairy-desserts"", ""en:entremets-mousses-and-creamy-puddings"", ""en:chocolate-desserts"", ""en:creamy-puddings"", ""en:chocolate-creamy-puddings"", ""en:refrigerated-chocolate-creamy-puddings"", ""en:Crèmes dessert vanille chocolat""]",c,4.0,9337b9a8f828d3fea0132867547feb3b4db77b28595412f789507994a62bf174,2026-09-06T22:56:19.683954+00:00,1773985823,NO_VERIFICABLE_HISTORICAMENTE,,,,2026,2,4,False
230297,PRODUCT,3302740047312,,2.780,,EUR,2026-02-22,4973,89047,PRICE_TAG,France,Gennevilliers,True,True,True,True,True,True,False,True,True,Simplement bon - 25% de Sel*,Fleury Michon,"[""en:meats-and-their-products"", ""en:specific-products"", ""en:meats"", ""en:pork-and-its-products"", ""en:prepared-meats"", ""en:products-for-specific-diets"", ""en:hams"", ""en:prepared-pork-meats"", ""en:white-hams"", ""en:cooked-ham-of-superior-quality"", ""en:products-with-reduced-salt"", ""en:cooked-ham-superior-quality-reduced-salt"", ""en:prepared-meats-with-less-salt"", ""en:white-hams-with-less-salt""]",c,4.0,c6e416d7690beab36142fe27c4cfe15cba0edd1a6291fa0004a1c84a22a7a8bb,2026-09-06T22:58:11.178014+00:00,1774471953,NO_VERIFICABLE_HISTORICAMENTE,,,,2026,2,6,False
230301,PRODUCT,3302740047312,,2.780,,EUR,2026-02-22,4973,89044,PRICE_TAG,France,Gennevilliers,True,True,True,True,True,True,False,True,True,Simplement bon - 25% de Sel*,Fleury Michon,"[""en:meats-and-their-products"", ""en:specific-products"", ""en:meats"", ""en:pork-and-its-products"", ""en:prepared-meats"", ""en:products-for-specific-diets"", ""en:hams"", ""en:prepared-pork-meats"", ""en:white-hams"", ""en:cooked-ham-of-superior-quality"", ""en:products-with-reduced-salt"", ""en:cooked-ham-superior-quality-reduced-salt"", ""en:prepared-meats-with-less-salt"", ""en:white-hams-with-less-salt""]",c,4.0,c6e416d7690beab36142fe27c4cfe15cba0edd1a6291fa0004a1c84a22a7a8bb,2026-09-06T22:58:11.178014+00:00,1774471953,NO_VERIFICABLE_HISTORICAMENTE,,,,2026,2,6,False
231125,PRODUCT,0034500420686,,1.570,,USD,2026-02-22,5085,89616,RECEIPT,United States,Town of Smithtown,True,True,True,True,True,True,True,True,True,Extra Sharp Cheddar Cheese,Land O Lakes,"[""en:Cheese Blocks""]",e,4.0,9ff48e577c797b812aa10774c39d0afb3747737e32375d9ec58650e54051964a,2026-09-06T22:55:37.827808+00:00,1768185160,NO_VERIFICABLE_HISTORICAMENTE,d69550b8720eae80f7353cb70335930d71f5a85c7eec275a30bd5d88f92a589a,RECEIPT,2,2026,2,6,True
231126,PRODUCT,0034500420686,,1.570,,USD,2026-02-22,5085,89616,RECEIPT,United States,Town of Smithtown,True,True,True,True,True,True,True,True,True,Extra Sharp Cheddar Cheese,Land O Lakes,"[""en:Cheese Blocks""]",e,4.0,9ff48e577c797b812aa10774c39d0afb3747737e32375d9ec58650e54051964a,2026-09-06T22:55:37.827808+00:00,1768185160,NO_VERIFICABLE_HISTORICAMENTE,d69550b8720eae80f7353cb70335930d71f5a85c7eec275a30bd5d88f92a589a,RECEIPT,2,2026,2,6,True
231166,PRODUCT,8000500391228,,3.990,,EUR,2026-02-22,2977,89687,PRICE_TAG,France,Paris,True,True,True,True,True,True,False,True,True,Kinder Kinderini,Kinder,"[""en:snacks"", ""en:sweet-snacks"", ""en:biscuits-and-cakes"", ""en:biscuits-and-crackers"", ""en:biscuits"", ""en:pastries""]",e,4.0,541523ed87af4efb3ec302fab0b84715f2fe033aae8dbbdead2475d86083edb2,2026-09-06T23:00:21.039136+00:00,1788334947,NO_VERIFICABLE_HISTORICAMENTE,,,,2026,2,6,False
232628,PRODUCT,7622210231277,,2.300,,EUR,2026-02-23,1831,89890,PRICE_TAG,France,Clichy,True,True,True,True,True,True,True,True,True,Véritable Petit écolier Chocolat au lait,"LU, Mondelez","[""en:snacks"", ""en:desserts"", ""en:sweet-snacks"", ""en:biscuits-and-cakes"", ""en:biscuits-and-crackers"", ""en:biscuits"", ""en:chocolate-biscuits"", ""en:milk-chocolate-biscuits"", ""en:biscuit-with-a-chocolate-bar-covering"", ""en:biscuit-with-a-milk-chocolate-bar-covering""]",e,4.0,b8e70d512b8775870ea0c2982015591efab923b4162d0deff369008a6077ed07,2026-09-06T23:00:10.567468+00:00,1774277384,NO_VERIFICABLE_HISTORICAMENTE,37adceba41129479b70277b61e4c35e5f820d4500da420c1483471f0ccf95f83,PRICE_TAG,2,2026,2,0,True
232751,PRODUCT,0021130306022,,3.490,,USD,2026-02-16,5032,90181,PRICE_TAG,United States,Mountain View,True,True,True,True,True,True,True,True,True,Entertaining Crackers Wheat,Signature SELECT,"[""en:snacks"", ""en:sweet-snacks"", ""en:biscuits-and-cakes""]",d,4.0,029e122e3be26b29601c3487f8bb4600690da9766b096e26435b7006887be8e8,2026-09-06T22:55:22.090295+00:00,1780606610,NO_VERIFICABLE_HISTORICAMENTE,0e6d128af0bc3820f60960e4c4fe362c340f38861b795fb8b59cf44ee1d66af8,PRICE_TAG,2,2026,2,0,True
234727,PRODUCT,3242272981053,,2.780,,EUR,2026-03-01,4973,91875,PRICE_TAG,France,Gennevilliers,True,True,True,True,True,True,False,True,True,Sandwich le méga jambon cheddar x3,Sodebo,"[""en:sandwiches"", ""en:sandwiches-filled-with-cold-cuts"", ""en:cheese-sandwiches"", ""en:ham-sandwiches"", ""en:cheddar-sandwiches"", ""en:ham-and-cheese-sandwiches"", ""fr:sandwichs-polaires""]",d,4.0,fcc59ea98d64c203ad1d9e0958086b8c4d79741d9fe17bbae4d0b561a39c5f92,2026-09-06T22:57:17.880756+00:00,1786620558,NO_VERIFICABLE_HISTORICAMENTE,,,,2026,3,6,False
234863,PRODUCT,3297760097969,,1.740,,EUR,2026-03-01,4973,92405,PRICE_TAG,France,Gennevilliers,True,True,True,True,True,True,False,True,True,Pomme Banane Vanille,Charles & Alice,"[""en:plant-based-foods-and-beverages"", ""en:plant-based-foods"", ""en:fruit-based-foods-and-beverages"", ""en:fruits-and-vegetables-based-foods"", ""en:desserts"", ""en:fruit-based-foods"", ""en:compotes"", ""en:apple-compotes"", ""en:banana-apple-compotes""]",a,4.0,4ca81216211f1bcee72fbec12aa048f20f553391238401e6a12b791653d2924c,2026-09-06T22:58:05.692892+00:00,1784102702,NO_VERIFICABLE_HISTORICAMENTE,,,,2026,3,6,False
237604,PRODUCT,5000112611878,,1.990,,EUR,2026-03-05,5350,92940,PRICE_TAG,France,Paris,True,True,True,True,True,True,False,True,True,coca cola zero,Cocacola,"[""en:beverages-and-beverages-preparations"", ""en:beverages"", ""en:non-alcoholic-beverages"", ""en:carbonated-drinks"", ""en:soft-drinks"", ""en:artificially-sweetened-beverages"", ""en:sodas"", ""en:diet-beverages"", ""en:colas"", ""en:diet-sodas"", ""en:diet-cola-soft-drink""]",unknown,4.0,f41cd3f2dade88d4268353353d5dbf52f2025a396d4f4a709efe3ac9ab99291f,2026-09-06T22:59:54.940802+00:00,1788030591,NO_VERIFICABLE_HISTORICAMENTE,,,,2026,3,3,False
237635,PRODUCT,8000500391228,,2.870,,EUR,2026-03-05,1920,92955,PRICE_TAG,France,Clichy,True,True,True,True,True,True,False,True,True,Kinder Kinderini,Kinder,"[""en:snacks"", ""en:sweet-snacks"", ""en:biscuits-and-cakes"", ""en:biscuits-and-crackers"", ""en:biscuits"", ""en:pastries""]",e,4.0,541523ed87af4efb3ec302fab0b84715f2fe033aae8dbbdead2475d86083edb2,2026-09-06T23:00:21.039136+00:00,1788334947,NO_VERIFICABLE_HISTORICAMENTE,,,,2026,3,3,False
237924,PRODUCT,3760341070236,,1.510,,EUR,2026-03-05,1920,93392,PRICE_TAG,France,Clichy,True,True,True,True,True,True,False,True,True,Lustucru Doypack Champignons,Lustucru,"[""fr:Riz lustucru""]",c,4.0,f1b2c0555943271b29188ef76d3fa0b0fe915885ccb4bdeb696797cb762abec9,2026-09-06T22:59:18.581119+00:00,1774536671,NO_VERIFICABLE_HISTORICAMENTE,,,,2026,3,3,False
238791,PRODUCT,8994963002794,,0.590,,EUR,2026-03-05,5556,93651,RECEIPT,Deutschland,München,True,True,True,True,True,True,True,True,True,Instant noodles,Indo Mie,"[""en:plant-based-foods-and-beverages"", ""en:plant-based-foods"", ""en:dried-products"", ""en:dried-products-to-be-rehydrated"", ""en:pastas"", ""en:noodles"", ""en:instant-noodles""]",unknown,4.0,9332144843295046c496966bc63cc3aafb0e92ce92419a80a49336cb5ca03215,2026-09-06T23:00:57.647805+00:00,1777912375,NO_VERIFICABLE_HISTORICAMENTE,d500c9783b62be8015e5eab0ef6094796133ed2a6b100bb067c4bb96aa1fdd64,RECEIPT,2,2026,3,3,True
238792,PRODUCT,8994963002794,,0.590,,EUR,2026-03-05,5556,93651,RECEIPT,Deutschland,München,True,True,True,True,True,True,True,True,True,Instant noodles,Indo Mie,"[""en:plant-based-foods-and-beverages"", ""en:plant-based-foods"", ""en:dried-products"", ""en:dried-products-to-be-rehydrated"", ""en:pastas"", ""en:noodles"", ""en:instant-noodles""]",unknown,4.0,9332144843295046c496966bc63cc3aafb0e92ce92419a80a49336cb5ca03215,2026-09-06T23:00:57.647805+00:00,1777912375,NO_VERIFICABLE_HISTORICAMENTE,d500c9783b62be8015e5eab0ef6094796133ed2a6b100bb067c4bb96aa1fdd64,RECEIPT,2,2026,3,3,True
238835,PRODUCT,8000500391228,,2.870,,EUR,2026-03-05,1920,92961,PRICE_TAG,France,Clichy,True,True,True,True,True,True,False,True,True,Kinder Kinderini,Kinder,"[""en:snacks"", ""en:sweet-snacks"", ""en:biscuits-and-cakes"", ""en:biscuits-and-crackers"", ""en:biscuits"", ""en:pastries""]",e,4.0,541523ed87af4efb3ec302fab0b84715f2fe033aae8dbbdead2475d86083edb2,2026-09-06T23:00:21.039136+00:00,1788334947,NO_VERIFICABLE_HISTORICAMENTE,,,,2026,3,3,False
239119,PRODUCT,8000500391228,,3.800,,EUR,2026-03-06,3995,93710,PRICE_TAG,France,Paris,True,True,True,True,True,True,False,True,True,Kinder Kinderini,Kinder,"[""en:snacks"", ""en:sweet-snacks"", ""en:biscuits-and-cakes"", ""en:biscuits-and-crackers"", ""en:biscuits"", ""en:pastries""]",e,4.0,541523ed87af4efb3ec302fab0b84715f2fe033aae8dbbdead2475d86083edb2,2026-09-06T23:00:21.039136+00:00,1788334947,NO_VERIFICABLE_HISTORICAMENTE,,,,2026,3,4,False
239179,PRODUCT,0796252300295,,6.990,,USD,2026-03-06,4120,93733,RECEIPT,United States,Mountain View,True,True,True,True,True,True,True,True,True,"Lassi Yogurt Drink, Mango",Gopi,"[""en:beverages-and-beverages-preparations"", ""en:beverages"", ""en:dairies"", ""en:fermented-foods"", ""en:fermented-milk-products"", ""en:dairy-drinks"", ""en:fermented-drinks"", ""en:fermented-milk-drinks"", ""en:lassi""]",unknown,4.0,b9c1a7020fb92a32dd7da45f4f8319885d9df52dbc6e9d22b22355cd68e7e898,2026-09-06T22:55:48.204951+00:00,1780500088,NO_VERIFICABLE_HISTORICAMENTE,5eb5495d2e5b8db2f5892bb3c60189ad6537c7054218dd761536efbea927dfb5,RECEIPT,2,2026,3,4,True
239304,PRODUCT,3033491279294,,1.710,,EUR,2026-03-07,1920,93912,PRICE_TAG,France,Clichy,True,True,True,True,True,True,False,True,True,Danette double saveur vanille & chocolat,Danone,"[""en:dairies"", ""en:desserts"", ""en:dairy-desserts"", ""en:entremets-mousses-and-creamy-puddings"", ""en:chocolate-desserts"", ""en:creamy-puddings"", ""en:chocolate-creamy-puddings"", ""en:refrigerated-chocolate-creamy-puddings"", ""en:Crèmes dessert vanille chocolat""]",c,4.0,9337b9a8f828d3fea0132867547feb3b4db77b28595412f789507994a62bf174,2026-09-06T22:56:19.683954+00:00,1773985823,NO_VERIFICABLE_HISTORICAMENTE,,,,2026,3,5,False
239346,PRODUCT,3297760097969,,1.700,,EUR,2026-03-07,1920,93896,PRICE_TAG,France,Clichy,True,True,True,True,True,True,False,True,True,Pomme Banane Vanille,Charles & Alice,"[""en:plant-based-foods-and-beverages"", ""en:plant-based-foods"", ""en:fruit-based-foods-and-beverages"", ""en:fruits-and-vegetables-based-foods"", ""en:desserts"", ""en:fruit-based-foods"", ""en:compotes"", ""en:apple-compotes"", ""en:banana-apple-compotes""]",a,4.0,4ca81216211f1bcee72fbec12aa048f20f553391238401e6a12b791653d2924c,2026-09-06T22:58:05.692892+00:00,1784102702,NO_VERIFICABLE_HISTORICAMENTE,,,,2026,3,5,False
239383,PRODUCT,3045320517699,,2.320,,EUR,2026-03-07,1920,93886,PRICE_TAG,France,Clichy,True,True,True,True,True,True,False,True,True,Crème caramel aux œufs frais,Bonne Maman,"[""en:dairies"", ""en:desserts"", ""en:dairy-desserts"", ""en:custard-puddings"", ""en:custard-puddings-with-caramel-sauce"", ""fr:desserts-lactes-aux-oeufs""]",d,3.0,aafd046f21607968a416dd3ed65c6f362f3319d9a03fce139c23db77bed4e9f1,2026-09-06T22:56:40.992922+00:00,1782919727,NO_VERIFICABLE_HISTORICAMENTE,,,,2026,3,5,False
239771,PRODUCT,3045320517699,,2.320,,EUR,2026-03-07,1920,93886,PRICE_TAG,France,Clichy,True,True,True,True,True,True,False,True,True,Crème caramel aux œufs frais,Bonne Maman,"[""en:dairies"", ""en:desserts"", ""en:dairy-desserts"", ""en:custard-puddings"", ""en:custard-puddings-with-caramel-sauce"", ""fr:desserts-lactes-aux-oeufs""]",d,3.0,aafd046f21607968a416dd3ed65c6f362f3319d9a03fce139c23db77bed4e9f1,2026-09-06T22:56:40.992922+00:00,1782919727,NO_VERIFICABLE_HISTORICAMENTE,,,,2026,3,5,False
240405,PRODUCT,3760020507916,,3.300,,EUR,2026-03-07,5015,94190,PRICE_TAG,France,Clichy,True,True,True,True,True,True,False,True,True,Gaufrettes chocolat,"Jardin Bio étic, Jardin biologique, Léa Nature","[""en:snacks"", ""en:desserts"", ""en:sweet-snacks"", ""en:biscuits-and-cakes"", ""en:biscuits-and-crackers"", ""en:biscuits"", ""en:wafers"", ""en:chocolate-biscuits"", ""en:stuffed-wafers"", ""en:chocolate-stuffed-wafers""]",e,3.0,d9cea108ffaf5dd04b2e00df5ad1901015599cd34b55021ed1fc14aee7cff222,2026-09-05T19:36:23.581606+00:00,1773441594,NO_VERIFICABLE_HISTORICAMENTE,,,,2026,3,5,False
241244,PRODUCT,3412290023909,,1.790,,EUR,2026-03-08,4973,94883,PRICE_TAG,France,Gennevilliers,True,True,True,True,True,True,False,True,True,Paysan Breton - L'Emmental Français Râpé,Paysan Breton,"[""en:dairies"", ""en:fermented-foods"", ""en:fermented-milk-products"", ""en:cheeses"", ""en:cow-cheeses"", ""en:hard-cheeses"", ""en:emmentaler"", ""en:french-cheeses"", ""en:french-emmentaler"", ""en:grated-cheese"", ""en:grated-emmentaler""]",c,3.0,5be80ad8e7d2bced097cf2d67f047b42504ca05afb54346eda40e5496110d8e3,2026-09-05T19:37:03.716173+00:00,1773777515,NO_VERIFICABLE_HISTORICAMENTE,,,,2026,3,6,False
241785,PRODUCT,3123930711758,,3.600,,EUR,2026-03-08,4973,94899,PRICE_TAG,France,Gennevilliers,True,True,True,True,True,True,False,True,True,L'Emmental Français Extra fin,EntreMont,"[""en:dairies"", ""en:fermented-foods"", ""en:fermented-milk-products"", ""en:cheeses"", ""en:cow-cheeses"", ""en:hard-cheeses"", ""en:emmentaler"", ""en:french-cheeses"", ""en:french-emmentaler"", ""en:grated-cheese"", ""en:grated-emmentaler""]",c,3.0,6e5801a73a0beaf7124302ab324b558e0d22794a5ad8e97b5d3c4c48ef89ff5f,2026-09-05T19:36:08.642901+00:00,1786571438,NO_VERIFICABLE_HISTORICAMENTE,,,,2026,3,6,False
242188,PRODUCT,3760090370571,,7.150,,EUR,2026-03-10,4291,95577,PRICE_TAG,France,Nancy,True,True,True,True,True,True,True,True,True,"Saucisson sec, d'Ardèche",père 3 fils,"[""en:meats-and-their-products"", ""en:meats"", ""en:prepared-meats"", ""en:cured-sausages"", ""en:dry-sausages"", ""en:dry-sausage-pure-pork""]",e,4.0,750430216bd4e8274a8aa268b299aa380850033f7c0cf76bbd910d3e0bda1036,2026-09-06T22:59:08.170875+00:00,1773398258,NO_VERIFICABLE_HISTORICAMENTE,3b0361095778e9ab5ed4625978d539961d2779e602fadf3eedfee490b4ba7275,PRICE_TAG,2,2026,3,1,True
242727,PRODUCT,3045320517699,,2.560,,EUR,2026-03-12,5015,95875,PRICE_TAG,France,Clichy,True,True,True,True,True,True,False,True,True,Crème caramel aux œufs frais,Bonne Maman,"[""en:dairies"", ""en:desserts"", ""en:dairy-desserts"", ""en:custard-puddings"", ""en:custard-puddings-with-caramel-sauce"", ""fr:desserts-lactes-aux-oeufs""]",d,3.0,aafd046f21607968a416dd3ed65c6f362f3319d9a03fce139c23db77bed4e9f1,2026-09-06T22:56:40.992922+00:00,1782919727,NO_VERIFICABLE_HISTORICAMENTE,,,,2026,3,3,False
243424,PRODUCT,8000500391228,,2.870,,EUR,2026-03-14,1920,96037,PRICE_TAG,France,Clichy,True,True,True,True,True,True,False,True,True,Kinder Kinderini,Kinder,"[""en:snacks"", ""en:sweet-snacks"", ""en:biscuits-and-cakes"", ""en:biscuits-and-crackers"", ""en:biscuits"", ""en:pastries""]",e,4.0,541523ed87af4efb3ec302fab0b84715f2fe033aae8dbbdead2475d86083edb2,2026-09-06T23:00:21.039136+00:00,1788334947,NO_VERIFICABLE_HISTORICAMENTE,,,,2026,3,5,False
243733,PRODUCT,3165959213028,,2.890,,EUR,2026-03-11,8,95741,PRICE_TAG,France,Grenoble,True,True,True,True,True,True,False,True,True,Saupiquet - Thon à la Catalane,Saupiquet,"[""en:seafood"", ""en:fishes-and-their-products"", ""en:canned-foods"", ""en:fishes"", ""en:fatty-fishes"", ""en:meals"", ""en:canned-fishes"", ""en:tunas"", ""en:meals-with-fish"", ""en:tuna-in-catalan-style""]",c,4.0,211e36bf2792ead092a9301b7f45bcdb8033e2dc0fc9a4c394665ad8fbd7fb7d,2026-09-06T22:56:56.295961+00:00,1779304745,NO_VERIFICABLE_HISTORICAMENTE,,,,2026,3,2,False
245112,PRODUCT,3045320517699,,3.750,,EUR,2026-03-16,1831,97046,PRICE_TAG,France,Clichy,True,True,True,True,True,True,False,True,True,Crème caramel aux œufs frais,Bonne Maman,"[""en:dairies"", ""en:desserts"", ""en:dairy-desserts"", ""en:custard-puddings"", ""en:custard-puddings-with-caramel-sauce"", ""fr:desserts-lactes-aux-oeufs""]",d,3.0,aafd046f21607968a416dd3ed65c6f362f3319d9a03fce139c23db77bed4e9f1,2026-09-06T22:56:40.992922+00:00,1782919727,NO_VERIFICABLE_HISTORICAMENTE,,,,2026,3,0,False
245407,PRODUCT,3456300014556,,2.600,,EUR,2026-03-16,1387,97170,PRICE_TAG,France,Paris,True,True,True,True,True,True,False,True,True,Fourrés Chocolat🍫,"Jardin Bio étic, jardin bio étic Léa Nature","[""en:snacks"", ""en:frozen-foods"", ""en:sweet-snacks"", ""en:biscuits-and-cakes"", ""en:biscuits-and-crackers"", ""en:biscuits"", ""en:filled-biscuits""]",d,3.0,28163a9aa69ae9dc57a947e50ab8cfa93c424eb067341d182af5a868ba9d1823,2026-09-06T22:58:37.175429+00:00,1788508142,NO_VERIFICABLE_HISTORICAMENTE,,,,2026,3,0,False
245421,PRODUCT,3045320517699,,3.750,,EUR,2026-03-16,1387,97119,PRICE_TAG,France,Paris,True,True,True,True,True,True,False,True,True,Crème caramel aux œufs frais,Bonne Maman,"[""en:dairies"", ""en:desserts"", ""en:dairy-desserts"", ""en:custard-puddings"", ""en:custard-puddings-with-caramel-sauce"", ""fr:desserts-lactes-aux-oeufs""]",d,3.0,aafd046f21607968a416dd3ed65c6f362f3319d9a03fce139c23db77bed4e9f1,2026-09-06T22:56:40.992922+00:00,1782919727,NO_VERIFICABLE_HISTORICAMENTE,,,,2026,3,0,False
245840,PRODUCT,3456300014556,,2.600,,EUR,2026-03-17,1387,97367,PRICE_TAG,France,Paris,True,True,True,True,True,True,False,True,True,Fourrés Chocolat🍫,"Jardin Bio étic, jardin bio étic Léa Nature","[""en:snacks"", ""en:frozen-foods"", ""en:sweet-snacks"", ""en:biscuits-and-cakes"", ""en:biscuits-and-crackers"", ""en:biscuits"", ""en:filled-biscuits""]",d,3.0,28163a9aa69ae9dc57a947e50ab8cfa93c424eb067341d182af5a868ba9d1823,2026-09-06T22:58:37.175429+00:00,1788508142,NO_VERIFICABLE_HISTORICAMENTE,,,,2026,3,1,False
246264,PRODUCT,3033491350795,,1.900,,EUR,2026-03-18,5015,97464,PRICE_TAG,France,Clichy,True,True,True,True,True,True,False,True,True,Activia bifidus saveur citron,Danone,"[""en:dairies"", ""en:fermented-foods"", ""en:fermented-milk-products"", ""en:desserts"", ""en:dairy-desserts"", ""en:fermented-dairy-desserts"", ""en:flavoured-fermented-dairy-desserts"", ""en:bifidus-yogurts"", ""en:flavoured-bifidus-yogurts""]",c,4.0,a42b5e3e00b24cab9b5c2abab905e3136c816253190a5e911a7c1092dcc19d9d,2026-09-06T22:56:25.042537+00:00,1785397863,NO_VERIFICABLE_HISTORICAMENTE,,,,2026,3,2,False
247928,PRODUCT,5000112611878,,1.690,,EUR,2026-03-19,1920,97759,PRICE_TAG,France,Clichy,True,True,True,True,True,True,False,True,True,coca cola zero,Cocacola,"[""en:beverages-and-beverages-preparations"", ""en:beverages"", ""en:non-alcoholic-beverages"", ""en:carbonated-drinks"", ""en:soft-drinks"", ""en:artificially-sweetened-beverages"", ""en:sodas"", ""en:diet-beverages"", ""en:colas"", ""en:diet-sodas"", ""en:diet-cola-soft-drink""]",unknown,4.0,f41cd3f2dade88d4268353353d5dbf52f2025a396d4f4a709efe3ac9ab99291f,2026-09-06T22:59:54.940802+00:00,1788030591,NO_VERIFICABLE_HISTORICAMENTE,,,,2026,3,3,False
249117,PRODUCT,3266140053581,,22.780,,EUR,2026-03-21,2015,99124,PRICE_TAG,France,Saint-Martin-d'Hères,True,True,True,True,True,True,False,True,True,Ravioles du Dauphiné LABEL ROUGE IGP surgelées sachet,Saint jean,"[""en:plant-based-foods-and-beverages"", ""en:plant-based-foods"", ""en:cereals-and-potatoes"", ""en:frozen-foods"", ""en:cereals-and-their-products"", ""en:meals"", ""en:pasta-dishes"", ""en:pastas"", ""en:pastas-and-dumplings"", ""en:combination-meals"", ""en:stuffed-pastas"", ""en:frozen-ready-made-meals"", ""fr:ravioles"", ""en:pasta-stuffed-with-cheese"", ""en:ravioles-du-dauphine"", ""fr:Produits Label Rouge"", ""fr:Produits labellisés""]",d,3.0,268db8cef48b91af093cc67326b7e1bf962d7ddb25b169dcb6d730d6c8618796,2026-09-06T22:57:49.808962+00:00,1774331912,NO_VERIFICABLE_HISTORICAMENTE,,,,2026,3,5,False
249185,PRODUCT,3456300014556,,2.550,,EUR,2026-03-21,2015,99115,PRICE_TAG,France,Saint-Martin-d'Hères,True,True,True,True,True,True,False,True,True,Fourrés Chocolat🍫,"Jardin Bio étic, jardin bio étic Léa Nature","[""en:snacks"", ""en:frozen-foods"", ""en:sweet-snacks"", ""en:biscuits-and-cakes"", ""en:biscuits-and-crackers"", ""en:biscuits"", ""en:filled-biscuits""]",d,3.0,28163a9aa69ae9dc57a947e50ab8cfa93c424eb067341d182af5a868ba9d1823,2026-09-06T22:58:37.175429+00:00,1788508142,NO_VERIFICABLE_HISTORICAMENTE,,,,2026,3,5,False
249206,PRODUCT,3456300014556,,2.310,,EUR,2026-03-21,2015,99146,RECEIPT,France,Saint-Martin-d'Hères,True,True,True,True,True,True,False,True,True,Fourrés Chocolat🍫,"Jardin Bio étic, jardin bio étic Léa Nature","[""en:snacks"", ""en:frozen-foods"", ""en:sweet-snacks"", ""en:biscuits-and-cakes"", ""en:biscuits-and-crackers"", ""en:biscuits"", ""en:filled-biscuits""]",d,3.0,28163a9aa69ae9dc57a947e50ab8cfa93c424eb067341d182af5a868ba9d1823,2026-09-06T22:58:37.175429+00:00,1788508142,NO_VERIFICABLE_HISTORICAMENTE,,,,2026,3,5,False
249207,PRODUCT,3760020507916,,2.350,,EUR,2026-03-21,2015,99146,RECEIPT,France,Saint-Martin-d'Hères,True,True,True,True,True,True,False,True,True,Gaufrettes chocolat,"Jardin Bio étic, Jardin biologique, Léa Nature","[""en:snacks"", ""en:desserts"", ""en:sweet-snacks"", ""en:biscuits-and-cakes"", ""en:biscuits-and-crackers"", ""en:biscuits"", ""en:wafers"", ""en:chocolate-biscuits"", ""en:stuffed-wafers"", ""en:chocolate-stuffed-wafers""]",e,3.0,d9cea108ffaf5dd04b2e00df5ad1901015599cd34b55021ed1fc14aee7cff222,2026-09-05T19:36:23.581606+00:00,1773441594,NO_VERIFICABLE_HISTORICAMENTE,,,,2026,3,5,False
249274,PRODUCT,5000112611878,,1.820,,EUR,2026-03-22,2217,99228,PRICE_TAG,France,Clichy,True,True,True,True,True,True,False,True,True,coca cola zero,Cocacola,"[""en:beverages-and-beverages-preparations"", ""en:beverages"", ""en:non-alcoholic-beverages"", ""en:carbonated-drinks"", ""en:soft-drinks"", ""en:artificially-sweetened-beverages"", ""en:sodas"", ""en:diet-beverages"", ""en:colas"", ""en:diet-sodas"", ""en:diet-cola-soft-drink""]",unknown,4.0,f41cd3f2dade88d4268353353d5dbf52f2025a396d4f4a709efe3ac9ab99291f,2026-09-06T22:59:54.940802+00:00,1788030591,NO_VERIFICABLE_HISTORICAMENTE,,,,2026,3,6,False
249637,PRODUCT,3450970173834,,2.120,,EUR,2026-03-23,1920,99413,PRICE_TAG,France,Clichy,True,True,True,True,True,True,True,True,True,Nugets poulet,"Eco+, Leclerc","[""en:meats-and-their-products"", ""en:meat-preparations"", ""en:chicken-and-its-products"", ""en:breaded-products"", ""en:chicken-preparations"", ""en:poultry-nuggets"", ""en:breaded-chicken"", ""en:chicken-nuggets""]",b,4.0,b2903dee5936fc920a8e1a6566e283e292568d17f448d9e8cc673462900efccb,2026-09-06T22:58:31.879943+00:00,1786274131,NO_VERIFICABLE_HISTORICAMENTE,377cc8d0c8426f73c35e279137780ba00b993ed435b0ccc8aec3ebde9f7332d4,PRICE_TAG,2,2026,3,0,True
250672,PRODUCT,3297760097969,,1.850,,EUR,2026-03-25,2224,99940,PRICE_TAG,France,Paris,True,True,True,True,True,True,True,True,True,Pomme Banane Vanille,Charles & Alice,"[""en:plant-based-foods-and-beverages"", ""en:plant-based-foods"", ""en:fruit-based-foods-and-beverages"", ""en:fruits-and-vegetables-based-foods"", ""en:desserts"", ""en:fruit-based-foods"", ""en:compotes"", ""en:apple-compotes"", ""en:banana-apple-compotes""]",a,4.0,4ca81216211f1bcee72fbec12aa048f20f553391238401e6a12b791653d2924c,2026-09-06T22:58:05.692892+00:00,1784102702,NO_VERIFICABLE_HISTORICAMENTE,e81162e79e4e51889efe481b842235c12aba95ae66233247a3cd6de9e4d679d4,PRICE_TAG,2,2026,3,2,True
250779,PRODUCT,5000112611878,,2.050,,EUR,2026-03-25,2224,100244,PRICE_TAG,France,Paris,True,True,True,True,True,True,False,True,True,coca cola zero,Cocacola,"[""en:beverages-and-beverages-preparations"", ""en:beverages"", ""en:non-alcoholic-beverages"", ""en:carbonated-drinks"", ""en:soft-drinks"", ""en:artificially-sweetened-beverages"", ""en:sodas"", ""en:diet-beverages"", ""en:colas"", ""en:diet-sodas"", ""en:diet-cola-soft-drink""]",unknown,4.0,f41cd3f2dade88d4268353353d5dbf52f2025a396d4f4a709efe3ac9ab99291f,2026-09-06T22:59:54.940802+00:00,1788030591,NO_VERIFICABLE_HISTORICAMENTE,,,,2026,3,2,False
251027,PRODUCT,3560071266721,,1.690,,EUR,2026-03-25,2224,100346,PRICE_TAG,France,Paris,True,True,True,True,True,True,True,True,True,Frimouss' au chocolat,Carrefour,"[""en:snacks"", ""en:sweet-snacks"", ""en:biscuits-and-cakes"", ""en:biscuits-and-crackers"", ""en:biscuits"", ""en:chocolate-biscuits""]",e,4.0,77addbcf09f1edb4dd42a25c757ab4bec013498d6ec3e5d9be12e66bc04b0951,2026-09-06T22:58:47.721076+00:00,1783494330,NO_VERIFICABLE_HISTORICAMENTE,2dc90251bc156f6ca586e21414bed2942c3386b42e9802de72afa54cbf51d6fc,PRICE_TAG,2,2026,3,2,True
251092,PRODUCT,3033491279294,,1.750,,EUR,2026-03-25,2224,100118,PRICE_TAG,France,Paris,True,True,True,True,True,True,False,True,True,Danette double saveur vanille & chocolat,Danone,"[""en:dairies"", ""en:desserts"", ""en:dairy-desserts"", ""en:entremets-mousses-and-creamy-puddings"", ""en:chocolate-desserts"", ""en:creamy-puddings"", ""en:chocolate-creamy-puddings"", ""en:refrigerated-chocolate-creamy-puddings"", ""en:Crèmes dessert vanille chocolat""]",c,4.0,9337b9a8f828d3fea0132867547feb3b4db77b28595412f789507994a62bf174,2026-09-06T22:56:19.683954+00:00,1773985823,NO_VERIFICABLE_HISTORICAMENTE,,,,2026,3,2,False
251238,PRODUCT,3045320517699,,2.550,,EUR,2026-03-25,2224,99951,PRICE_TAG,France,Paris,True,True,True,True,True,True,False,True,True,Crème caramel aux œufs frais,Bonne Maman,"[""en:dairies"", ""en:desserts"", ""en:dairy-desserts"", ""en:custard-puddings"", ""en:custard-puddings-with-caramel-sauce"", ""fr:desserts-lactes-aux-oeufs""]",d,3.0,aafd046f21607968a416dd3ed65c6f362f3319d9a03fce139c23db77bed4e9f1,2026-09-06T22:56:40.992922+00:00,1782919727,NO_VERIFICABLE_HISTORICAMENTE,,,,2026,3,2,False
251911,PRODUCT,3033491451652,,2.440,,EUR,2026-03-26,1920,100784,PRICE_TAG,France,Clichy,True,True,True,True,True,True,False,True,True,"Le petit suisse gervais nature 9,5 % 60 g x 12",GERVAIS,"[""en:dairies"", ""en:fermented-foods"", ""en:fermented-milk-products"", ""en:desserts"", ""en:dairy-desserts"", ""en:fermented-dairy-desserts"", ""en:fromages-blancs-petit-suisses-and-skyr"", ""en:petits-suisses"", ""en:plain-fermented-dairy-desserts"", ""en:plain-petit-suisse"", ""fr:fromages-blancs""]",c,1.0,4f4f349aabb1015eafbf3f0f76a06dc782c3b0cb841cf9095ed4cf9c1f2e1ec0,2026-09-05T19:37:13.847004+00:00,1788543018,NO_VERIFICABLE_HISTORICAMENTE,,,,2026,3,3,False
251986,PRODUCT,3297760097969,,1.700,,EUR,2026-03-26,1920,100893,PRICE_TAG,France,Clichy,True,True,True,True,True,True,False,True,True,Pomme Banane Vanille,Charles & Alice,"[""en:plant-based-foods-and-beverages"", ""en:plant-based-foods"", ""en:fruit-based-foods-and-beverages"", ""en:fruits-and-vegetables-based-foods"", ""en:desserts"", ""en:fruit-based-foods"", ""en:compotes"", ""en:apple-compotes"", ""en:banana-apple-compotes""]",a,4.0,4ca81216211f1bcee72fbec12aa048f20f553391238401e6a12b791653d2924c,2026-09-06T22:58:05.692892+00:00,1784102702,NO_VERIFICABLE_HISTORICAMENTE,,,,2026,3,3,False
253400,PRODUCT,3760090370571,,6.990,,EUR,2026-03-27,1920,101397,PRICE_TAG,France,Clichy,True,True,True,True,True,True,False,True,True,"Saucisson sec, d'Ardèche",père 3 fils,"[""en:meats-and-their-products"", ""en:meats"", ""en:prepared-meats"", ""en:cured-sausages"", ""en:dry-sausages"", ""en:dry-sausage-pure-pork""]",e,4.0,750430216bd4e8274a8aa268b299aa380850033f7c0cf76bbd910d3e0bda1036,2026-09-06T22:59:08.170875+00:00,1773398258,NO_VERIFICABLE_HISTORICAMENTE,,,,2026,3,4,False
256509,PRODUCT,3033491350795,,1.900,,EUR,2026-03-29,5015,103811,PRICE_TAG,France,Clichy,True,True,True,True,True,True,False,True,True,Activia bifidus saveur citron,Danone,"[""en:dairies"", ""en:fermented-foods"", ""en:fermented-milk-products"", ""en:desserts"", ""en:dairy-desserts"", ""en:fermented-dairy-desserts"", ""en:flavoured-fermented-dairy-desserts"", ""en:bifidus-yogurts"", ""en:flavoured-bifidus-yogurts""]",c,4.0,a42b5e3e00b24cab9b5c2abab905e3136c816253190a5e911a7c1092dcc19d9d,2026-09-06T22:56:25.042537+00:00,1785397863,NO_VERIFICABLE_HISTORICAMENTE,,,,2026,3,6,False
256687,PRODUCT,8000500391228,,3.490,,EUR,2026-03-30,5586,103999,PRICE_TAG,France,Gennevilliers,True,True,True,True,True,True,False,True,True,Kinder Kinderini,Kinder,"[""en:snacks"", ""en:sweet-snacks"", ""en:biscuits-and-cakes"", ""en:biscuits-and-crackers"", ""en:biscuits"", ""en:pastries""]",e,4.0,541523ed87af4efb3ec302fab0b84715f2fe033aae8dbbdead2475d86083edb2,2026-09-06T23:00:21.039136+00:00,1788334947,NO_VERIFICABLE_HISTORICAMENTE,,,,2026,3,0,False
258162,PRODUCT,3045320517699,,2.560,,EUR,2026-04-02,5015,104334,PRICE_TAG,France,Clichy,True,True,True,True,True,True,False,True,True,Crème caramel aux œufs frais,Bonne Maman,"[""en:dairies"", ""en:desserts"", ""en:dairy-desserts"", ""en:custard-puddings"", ""en:custard-puddings-with-caramel-sauce"", ""fr:desserts-lactes-aux-oeufs""]",d,3.0,aafd046f21607968a416dd3ed65c6f362f3319d9a03fce139c23db77bed4e9f1,2026-09-06T22:56:40.992922+00:00,1782919727,NO_VERIFICABLE_HISTORICAMENTE,,,,2026,4,3,False
258204,PRODUCT,3302740047312,,3.080,,EUR,2026-04-02,5015,104328,PRICE_TAG,France,Clichy,True,True,True,True,True,True,False,True,True,Simplement bon - 25% de Sel*,Fleury Michon,"[""en:meats-and-their-products"", ""en:specific-products"", ""en:meats"", ""en:pork-and-its-products"", ""en:prepared-meats"", ""en:products-for-specific-diets"", ""en:hams"", ""en:prepared-pork-meats"", ""en:white-hams"", ""en:cooked-ham-of-superior-quality"", ""en:products-with-reduced-salt"", ""en:cooked-ham-superior-quality-reduced-salt"", ""en:prepared-meats-with-less-salt"", ""en:white-hams-with-less-salt""]",c,4.0,c6e416d7690beab36142fe27c4cfe15cba0edd1a6291fa0004a1c84a22a7a8bb,2026-09-06T22:58:11.178014+00:00,1774471953,NO_VERIFICABLE_HISTORICAMENTE,,,,2026,4,3,False
258319,PRODUCT,3266140053581,,19.750,,EUR,2026-04-02,34,104378,RECEIPT,France,Bresson,True,True,True,True,True,True,False,True,True,Ravioles du Dauphiné LABEL ROUGE IGP surgelées sachet,Saint jean,"[""en:plant-based-foods-and-beverages"", ""en:plant-based-foods"", ""en:cereals-and-potatoes"", ""en:frozen-foods"", ""en:cereals-and-their-products"", ""en:meals"", ""en:pasta-dishes"", ""en:pastas"", ""en:pastas-and-dumplings"", ""en:combination-meals"", ""en:stuffed-pastas"", ""en:frozen-ready-made-meals"", ""fr:ravioles"", ""en:pasta-stuffed-with-cheese"", ""en:ravioles-du-dauphine"", ""fr:Produits Label Rouge"", ""fr:Produits labellisés""]",d,3.0,268db8cef48b91af093cc67326b7e1bf962d7ddb25b169dcb6d730d6c8618796,2026-09-06T22:57:49.808962+00:00,1774331912,NO_VERIFICABLE_HISTORICAMENTE,,,,2026,4,3,False
258523,PRODUCT,3033491350795,,1.720,,EUR,2026-04-02,1387,104440,PRICE_TAG,France,Paris,True,True,True,True,True,True,False,True,True,Activia bifidus saveur citron,Danone,"[""en:dairies"", ""en:fermented-foods"", ""en:fermented-milk-products"", ""en:desserts"", ""en:dairy-desserts"", ""en:fermented-dairy-desserts"", ""en:flavoured-fermented-dairy-desserts"", ""en:bifidus-yogurts"", ""en:flavoured-bifidus-yogurts""]",c,4.0,a42b5e3e00b24cab9b5c2abab905e3136c816253190a5e911a7c1092dcc19d9d,2026-09-06T22:56:25.042537+00:00,1785397863,NO_VERIFICABLE_HISTORICAMENTE,,,,2026,4,3,False
260044,PRODUCT,3270190023524,,1.760,,EUR,2026-04-05,5586,105520,PRICE_TAG,France,Gennevilliers,True,True,True,True,True,True,False,True,True,Fromage Blanc nature,Carrefour,"[""en:dairies"", ""en:fermented-foods"", ""en:fermented-milk-products"", ""en:cheeses"", ""en:desserts"", ""en:dairy-desserts"", ""en:fermented-dairy-desserts"", ""en:fromages-blancs-petit-suisses-and-skyr"", ""en:petits-suisses"", ""en:plain-fermented-dairy-desserts"", ""en:plain-petit-suisse"", ""fr:fromages-blancs"", ""en:fat-free-plain-petit-suisse"", ""fr:fromages-blancs-natures""]",a,3.0,c5e067c3b9a6d768d495e6bb10d8ccb5832849df2bf4cf1e12b09a6050ea9743,2026-09-06T22:57:55.173339+00:00,1773406895,NO_VERIFICABLE_HISTORICAMENTE,,,,2026,4,6,False
260113,PRODUCT,3270190023524,,1.760,,EUR,2026-04-05,5586,105521,PRICE_TAG,France,Gennevilliers,True,True,True,True,True,True,False,True,True,Fromage Blanc nature,Carrefour,"[""en:dairies"", ""en:fermented-foods"", ""en:fermented-milk-products"", ""en:cheeses"", ""en:desserts"", ""en:dairy-desserts"", ""en:fermented-dairy-desserts"", ""en:fromages-blancs-petit-suisses-and-skyr"", ""en:petits-suisses"", ""en:plain-fermented-dairy-desserts"", ""en:plain-petit-suisse"", ""fr:fromages-blancs"", ""en:fat-free-plain-petit-suisse"", ""fr:fromages-blancs-natures""]",a,3.0,c5e067c3b9a6d768d495e6bb10d8ccb5832849df2bf4cf1e12b09a6050ea9743,2026-09-06T22:57:55.173339+00:00,1773406895,NO_VERIFICABLE_HISTORICAMENTE,,,,2026,4,6,False
260519,PRODUCT,3045320517699,,2.390,,EUR,2026-04-05,5586,105313,PRICE_TAG,France,Gennevilliers,True,True,True,True,True,True,False,True,True,Crème caramel aux œufs frais,Bonne Maman,"[""en:dairies"", ""en:desserts"", ""en:dairy-desserts"", ""en:custard-puddings"", ""en:custard-puddings-with-caramel-sauce"", ""fr:desserts-lactes-aux-oeufs""]",d,3.0,aafd046f21607968a416dd3ed65c6f362f3319d9a03fce139c23db77bed4e9f1,2026-09-06T22:56:40.992922+00:00,1782919727,NO_VERIFICABLE_HISTORICAMENTE,,,,2026,4,6,False
263130,PRODUCT,5000112611878,,1.890,,EUR,2026-04-07,3,107063,PRICE_TAG,France,Grenoble,True,True,True,True,True,True,False,True,True,coca cola zero,Cocacola,"[""en:beverages-and-beverages-preparations"", ""en:beverages"", ""en:non-alcoholic-beverages"", ""en:carbonated-drinks"", ""en:soft-drinks"", ""en:artificially-sweetened-beverages"", ""en:sodas"", ""en:diet-beverages"", ""en:colas"", ""en:diet-sodas"", ""en:diet-cola-soft-drink""]",unknown,4.0,f41cd3f2dade88d4268353353d5dbf52f2025a396d4f4a709efe3ac9ab99291f,2026-09-06T22:59:54.940802+00:00,1788030591,NO_VERIFICABLE_HISTORICAMENTE,,,,2026,4,1,False
265060,PRODUCT,8000500391228,,2.800,,EUR,2026-04-13,1920,108156,RECEIPT,France,Clichy,True,True,True,True,True,True,False,True,True,Kinder Kinderini,Kinder,"[""en:snacks"", ""en:sweet-snacks"", ""en:biscuits-and-cakes"", ""en:biscuits-and-crackers"", ""en:biscuits"", ""en:pastries""]",e,4.0,541523ed87af4efb3ec302fab0b84715f2fe033aae8dbbdead2475d86083edb2,2026-09-06T23:00:21.039136+00:00,1788334947,NO_VERIFICABLE_HISTORICAMENTE,,,,2026,4,0,False
265619,PRODUCT,3045320517699,,3.750,,EUR,2026-04-15,1831,108635,PRICE_TAG,France,Clichy,True,True,True,True,True,True,False,True,True,Crème caramel aux œufs frais,Bonne Maman,"[""en:dairies"", ""en:desserts"", ""en:dairy-desserts"", ""en:custard-puddings"", ""en:custard-puddings-with-caramel-sauce"", ""fr:desserts-lactes-aux-oeufs""]",d,3.0,aafd046f21607968a416dd3ed65c6f362f3319d9a03fce139c23db77bed4e9f1,2026-09-06T22:56:40.992922+00:00,1782919727,NO_VERIFICABLE_HISTORICAMENTE,,,,2026,4,2,False
267978,PRODUCT,3456300014556,,2.430,,EUR,2026-04-21,5751,109510,PRICE_TAG,France,La Rochelle,True,True,True,True,True,True,False,True,True,Fourrés Chocolat🍫,"Jardin Bio étic, jardin bio étic Léa Nature","[""en:snacks"", ""en:frozen-foods"", ""en:sweet-snacks"", ""en:biscuits-and-cakes"", ""en:biscuits-and-crackers"", ""en:biscuits"", ""en:filled-biscuits""]",d,3.0,28163a9aa69ae9dc57a947e50ab8cfa93c424eb067341d182af5a868ba9d1823,2026-09-06T22:58:37.175429+00:00,1788508142,NO_VERIFICABLE_HISTORICAMENTE,,,,2026,4,1,False
269347,PRODUCT,3038359004544,,0.950,,EUR,2026-04-27,3200,110250,PRICE_TAG,France,Vandœuvre-lès-Nancy,True,True,True,True,True,True,False,True,True,Sauce Tomate concentrée cuisinée aux petits légumes,"Panzani, panzani","[""en:plant-based-foods-and-beverages"", ""en:plant-based-foods"", ""en:fruits-and-vegetables-based-foods"", ""en:vegetable-based-foods-and-beverages"", ""en:condiments"", ""en:vegetables-based-foods"", ""en:tomatoes-and-their-products"", ""en:sauces"", ""en:tomato-sauces"", ""en:meal-kits""]",d,4.0,1525ef9c4b93a3b937a69eaec8f574478094d6ae7f1cef983e3d35932dc3445a,2026-09-06T22:56:35.694423+00:00,1787478069,NO_VERIFICABLE_HISTORICAMENTE,,,,2026,4,0,False
269443,PRODUCT,3297760097969,,1.700,,EUR,2026-04-27,3200,110215,PRICE_TAG,France,Vandœuvre-lès-Nancy,True,True,True,True,True,True,False,True,True,Pomme Banane Vanille,Charles & Alice,"[""en:plant-based-foods-and-beverages"", ""en:plant-based-foods"", ""en:fruit-based-foods-and-beverages"", ""en:fruits-and-vegetables-based-foods"", ""en:desserts"", ""en:fruit-based-foods"", ""en:compotes"", ""en:apple-compotes"", ""en:banana-apple-compotes""]",a,4.0,4ca81216211f1bcee72fbec12aa048f20f553391238401e6a12b791653d2924c,2026-09-06T22:58:05.692892+00:00,1784102702,NO_VERIFICABLE_HISTORICAMENTE,,,,2026,4,0,False
269698,PRODUCT,3760297370206,,3.150,,EUR,2026-04-28,5395,110451,PRICE_TAG,France,Nancy,True,True,True,True,True,True,True,True,True,Onigiri saumon fromage frais,igiri,"[""en:snacks"", ""en:salty-snacks"", ""en:meals"", ""en:sushi-and-maki"", ""en:sushis"", ""en:onigiri"", ""fr:En-cas-japonais""]",unknown,4.0,c4a8a73fa17261e7abaeb5ae79bfb2c1aa5dda9923620f65a19a7ddca62ca750,2026-09-06T22:59:13.414631+00:00,1774537457,NO_VERIFICABLE_HISTORICAMENTE,7e9b79fc86376ee4729707bfdf0ef381a38e1e36328ca426d1914bc477f8939d,PRICE_TAG,2,2026,4,1,True
270760,PRODUCT,3038359004544,,0.990,,EUR,2026-04-30,3233,110909,PRICE_TAG,France,Laneuveville-devant-Nancy,True,True,True,True,True,True,False,True,True,Sauce Tomate concentrée cuisinée aux petits légumes,"Panzani, panzani","[""en:plant-based-foods-and-beverages"", ""en:plant-based-foods"", ""en:fruits-and-vegetables-based-foods"", ""en:vegetable-based-foods-and-beverages"", ""en:condiments"", ""en:vegetables-based-foods"", ""en:tomatoes-and-their-products"", ""en:sauces"", ""en:tomato-sauces"", ""en:meal-kits""]",d,4.0,1525ef9c4b93a3b937a69eaec8f574478094d6ae7f1cef983e3d35932dc3445a,2026-09-06T22:56:35.694423+00:00,1787478069,NO_VERIFICABLE_HISTORICAMENTE,,,,2026,4,3,False
271124,PRODUCT,4001242003633,,1.290,,EUR,2026-04-29,468,111168,PRICE_TAG,Deutschland,,True,True,True,True,True,True,True,True,True,Popcorn Karamellgeschmack,"Chio, Intersnack","[""en:snacks"", ""en:popcorn""]",d,4.0,77893399f5cc2eaec230a916fb0a05ca1034b02da352bc9cd111106bfacf4f7a,2026-09-06T22:59:29.196377+00:00,1781436899,NO_VERIFICABLE_HISTORICAMENTE,9478056bb3f37d2d660cd479038c84885cf9da788adfd1618dd0301e82026643,PRICE_TAG,2,2026,4,2,True
271302,PRODUCT,3038359004544,,0.960,,EUR,2026-05-04,5028,111357,PRICE_TAG,France,Laxou,True,True,True,True,True,True,False,True,True,Sauce Tomate concentrée cuisinée aux petits légumes,"Panzani, panzani","[""en:plant-based-foods-and-beverages"", ""en:plant-based-foods"", ""en:fruits-and-vegetables-based-foods"", ""en:vegetable-based-foods-and-beverages"", ""en:condiments"", ""en:vegetables-based-foods"", ""en:tomatoes-and-their-products"", ""en:sauces"", ""en:tomato-sauces"", ""en:meal-kits""]",d,4.0,1525ef9c4b93a3b937a69eaec8f574478094d6ae7f1cef983e3d35932dc3445a,2026-09-06T22:56:35.694423+00:00,1787478069,NO_VERIFICABLE_HISTORICAMENTE,,,,2026,5,0,False
272651,PRODUCT,8002470031937,,5.990,,EUR,2026-05-08,330,111929,PRICE_TAG,Deutschland,Strausberg,True,True,True,True,True,True,True,True,True,Olivenöl Natives Extra Gentile SANFT,Bertolli,"[""en:plant-based-foods-and-beverages"", ""en:plant-based-foods"", ""en:fats"", ""en:vegetable-fats"", ""en:olive-tree-products"", ""en:vegetable-oils"", ""en:olive-oils"", ""en:virgin-olive-oils"", ""en:extra-virgin-olive-oils""]",b,,5ed04ecae15a2bfd56b323e17f5ef6ad42d9f0885a52949aadc91d5404ab7a6b,2026-09-06T23:00:26.212094+00:00,1785266186,NO_VERIFICABLE_HISTORICAMENTE,8bcf7327394d542e11b6e68bd7104d55d087763dcea23d3a6072b87065c786b0,PRICE_TAG,2,2026,5,4,True
272814,PRODUCT,3019089042228,,2.340,,EUR,2026-05-09,5910,112011,PRICE_TAG,France,Nancy,True,True,True,True,True,True,False,True,True,Rilettes de thon,Petit Navire,"[""en:seafood"", ""en:fishes-and-their-products"", ""en:fishes"", ""en:spreads"", ""en:fatty-fishes"", ""en:salted-spreads"", ""en:rillettes"", ""en:tunas"", ""en:fish-preparations"", ""en:fish-rillettes"", ""en:tuna-preparations"", ""en:tuna-rillettes""]",b,4.0,93fb7c44d4b195f9d413ab31e4a27740bd30a9145da7f06004d0449b96b9eadc,2026-09-06T22:56:14.270975+00:00,1774494952,NO_VERIFICABLE_HISTORICAMENTE,,,,2026,5,5,False
273148,PRODUCT,3297760097969,,1.870,,EUR,2026-05-09,271,112251,PRICE_TAG,France,Nancy,True,True,True,True,True,True,False,True,True,Pomme Banane Vanille,Charles & Alice,"[""en:plant-based-foods-and-beverages"", ""en:plant-based-foods"", ""en:fruit-based-foods-and-beverages"", ""en:fruits-and-vegetables-based-foods"", ""en:desserts"", ""en:fruit-based-foods"", ""en:compotes"", ""en:apple-compotes"", ""en:banana-apple-compotes""]",a,4.0,4ca81216211f1bcee72fbec12aa048f20f553391238401e6a12b791653d2924c,2026-09-06T22:58:05.692892+00:00,1784102702,NO_VERIFICABLE_HISTORICAMENTE,,,,2026,5,5,False
273282,PRODUCT,3019089042228,,2.190,,EUR,2026-05-09,271,112461,PRICE_TAG,France,Nancy,True,True,True,True,True,True,False,True,True,Rilettes de thon,Petit Navire,"[""en:seafood"", ""en:fishes-and-their-products"", ""en:fishes"", ""en:spreads"", ""en:fatty-fishes"", ""en:salted-spreads"", ""en:rillettes"", ""en:tunas"", ""en:fish-preparations"", ""en:fish-rillettes"", ""en:tuna-preparations"", ""en:tuna-rillettes""]",b,4.0,93fb7c44d4b195f9d413ab31e4a27740bd30a9145da7f06004d0449b96b9eadc,2026-09-06T22:56:14.270975+00:00,1774494952,NO_VERIFICABLE_HISTORICAMENTE,,,,2026,5,5,False
273299,PRODUCT,3038359004544,,0.960,,EUR,2026-05-09,271,112420,PRICE_TAG,France,Nancy,True,True,True,True,True,True,False,True,True,Sauce Tomate concentrée cuisinée aux petits légumes,"Panzani, panzani","[""en:plant-based-foods-and-beverages"", ""en:plant-based-foods"", ""en:fruits-and-vegetables-based-foods"", ""en:vegetable-based-foods-and-beverages"", ""en:condiments"", ""en:vegetables-based-foods"", ""en:tomatoes-and-their-products"", ""en:sauces"", ""en:tomato-sauces"", ""en:meal-kits""]",d,4.0,1525ef9c4b93a3b937a69eaec8f574478094d6ae7f1cef983e3d35932dc3445a,2026-09-06T22:56:35.694423+00:00,1787478069,NO_VERIFICABLE_HISTORICAMENTE,,,,2026,5,5,False
273760,PRODUCT,3038359004544,,1.400,,EUR,2026-05-11,3471,112610,PRICE_TAG,France,Nancy,True,True,True,True,True,True,False,True,True,Sauce Tomate concentrée cuisinée aux petits légumes,"Panzani, panzani","[""en:plant-based-foods-and-beverages"", ""en:plant-based-foods"", ""en:fruits-and-vegetables-based-foods"", ""en:vegetable-based-foods-and-beverages"", ""en:condiments"", ""en:vegetables-based-foods"", ""en:tomatoes-and-their-products"", ""en:sauces"", ""en:tomato-sauces"", ""en:meal-kits""]",d,4.0,1525ef9c4b93a3b937a69eaec8f574478094d6ae7f1cef983e3d35932dc3445a,2026-09-06T22:56:35.694423+00:00,1787478069,NO_VERIFICABLE_HISTORICAMENTE,,,,2026,5,0,False
273772,PRODUCT,3019089042228,,2.590,,EUR,2026-05-11,3471,112609,PRICE_TAG,France,Nancy,True,True,True,True,True,True,False,True,True,Rilettes de thon,Petit Navire,"[""en:seafood"", ""en:fishes-and-their-products"", ""en:fishes"", ""en:spreads"", ""en:fatty-fishes"", ""en:salted-spreads"", ""en:rillettes"", ""en:tunas"", ""en:fish-preparations"", ""en:fish-rillettes"", ""en:tuna-preparations"", ""en:tuna-rillettes""]",b,4.0,93fb7c44d4b195f9d413ab31e4a27740bd30a9145da7f06004d0449b96b9eadc,2026-09-06T22:56:14.270975+00:00,1774494952,NO_VERIFICABLE_HISTORICAMENTE,,,,2026,5,0,False
275104,PRODUCT,3038359004544,,0.970,,EUR,2026-05-16,5395,113287,PRICE_TAG,France,Nancy,True,True,True,True,True,True,False,True,True,Sauce Tomate concentrée cuisinée aux petits légumes,"Panzani, panzani","[""en:plant-based-foods-and-beverages"", ""en:plant-based-foods"", ""en:fruits-and-vegetables-based-foods"", ""en:vegetable-based-foods-and-beverages"", ""en:condiments"", ""en:vegetables-based-foods"", ""en:tomatoes-and-their-products"", ""en:sauces"", ""en:tomato-sauces"", ""en:meal-kits""]",d,4.0,1525ef9c4b93a3b937a69eaec8f574478094d6ae7f1cef983e3d35932dc3445a,2026-09-06T22:56:35.694423+00:00,1787478069,NO_VERIFICABLE_HISTORICAMENTE,,,,2026,5,5,False
275126,PRODUCT,3019089042228,,2.010,,EUR,2026-05-16,5395,113274,PRICE_TAG,France,Nancy,True,True,True,True,True,True,False,True,True,Rilettes de thon,Petit Navire,"[""en:seafood"", ""en:fishes-and-their-products"", ""en:fishes"", ""en:spreads"", ""en:fatty-fishes"", ""en:salted-spreads"", ""en:rillettes"", ""en:tunas"", ""en:fish-preparations"", ""en:fish-rillettes"", ""en:tuna-preparations"", ""en:tuna-rillettes""]",b,4.0,93fb7c44d4b195f9d413ab31e4a27740bd30a9145da7f06004d0449b96b9eadc,2026-09-06T22:56:14.270975+00:00,1774494952,NO_VERIFICABLE_HISTORICAMENTE,,,,2026,5,5,False
275239,PRODUCT,3019089042228,,1.800,,EUR,2026-05-16,5395,113272,PRICE_TAG,France,Nancy,True,True,True,True,True,True,False,True,True,Rilettes de thon,Petit Navire,"[""en:seafood"", ""en:fishes-and-their-products"", ""en:fishes"", ""en:spreads"", ""en:fatty-fishes"", ""en:salted-spreads"", ""en:rillettes"", ""en:tunas"", ""en:fish-preparations"", ""en:fish-rillettes"", ""en:tuna-preparations"", ""en:tuna-rillettes""]",b,4.0,93fb7c44d4b195f9d413ab31e4a27740bd30a9145da7f06004d0449b96b9eadc,2026-09-06T22:56:14.270975+00:00,1774494952,NO_VERIFICABLE_HISTORICAMENTE,,,,2026,5,5,False
275472,PRODUCT,3183811008117,,4.500,,EUR,2026-04-07,49,107029,PRICE_TAG,France,Grenoble,True,True,True,True,True,True,False,True,True,Olive noire fromage de chèvre,Marius Bernard,"[""en:spreads"", ""en:salted-spreads""]",d,3.0,875e5c0a681fe65d6cbed50d96ab72617d082823628cc689b523cc663d376db4,2026-09-06T22:57:01.625345+00:00,1774316425,NO_VERIFICABLE_HISTORICAMENTE,,,,2026,4,1,False
276018,PRODUCT,5214002552640,,15.000,,EUR,2026-05-17,5994,113747,PRICE_TAG,Ελλάς,Δημοτική Ενότητα Ελληνικού,True,True,True,True,True,True,True,True,True,Polyphenolic,Elitas,"[""en:plant-based-foods-and-beverages"", ""en:plant-based-foods"", ""en:fats"", ""en:vegetable-fats"", ""en:olive-tree-products"", ""en:vegetable-oils"", ""en:olive-oils"", ""en:virgin-olive-oils"", ""en:extra-virgin-olive-oils""]",b,,edff220e9adfdf18329436ce4a30724ae00c72b82cfd6c29bdee8d58883e6174,2026-09-06T23:00:00.099375+00:00,1779095347,NO_VERIFICABLE_HISTORICAMENTE,8b8b86b5e93c793588e6fd2a555ae486025803ee735eefb20d361f90586f7137,PRICE_TAG,2,2026,5,6,True
276411,PRODUCT,5214002552640,,15.000,,EUR,2026-05-18,5994,113858,PRICE_TAG,Ελλάς,Δημοτική Ενότητα Ελληνικού,True,True,True,True,True,True,False,True,True,Polyphenolic,Elitas,"[""en:plant-based-foods-and-beverages"", ""en:plant-based-foods"", ""en:fats"", ""en:vegetable-fats"", ""en:olive-tree-products"", ""en:vegetable-oils"", ""en:olive-oils"", ""en:virgin-olive-oils"", ""en:extra-virgin-olive-oils""]",b,,edff220e9adfdf18329436ce4a30724ae00c72b82cfd6c29bdee8d58883e6174,2026-09-06T23:00:00.099375+00:00,1779095347,NO_VERIFICABLE_HISTORICAMENTE,,,,2026,5,0,False
281560,PRODUCT,3038353911909,,2.350,,EUR,2026-06-06,35,115737,PRICE_TAG,France,Grenoble,True,True,True,True,True,True,False,True,True,Quenelles de brochet sauce Nantua,Petitjean,"[""en:canned-foods"", ""en:meals"", ""en:canned-meals"", ""en:meals-with-fish"", ""fr:quenelles"", ""en:fish-quenelles"", ""en:fish-quenelle-in-sauce"", ""en:pike-quenelles""]",c,4.0,f713a2cd4d3b4ebb3c936eb81b23522946973d2ee987128fbcd7a3779bc34b1c,2026-09-06T22:56:30.356241+00:00,1773416645,NO_VERIFICABLE_HISTORICAMENTE,,,,2026,6,5,False
282334,PRODUCT,3045320517699,,2.550,,EUR,2026-06-09,2224,115986,PRICE_TAG,France,Paris,True,True,True,True,True,True,False,True,True,Crème caramel aux œufs frais,Bonne Maman,"[""en:dairies"", ""en:desserts"", ""en:dairy-desserts"", ""en:custard-puddings"", ""en:custard-puddings-with-caramel-sauce"", ""fr:desserts-lactes-aux-oeufs""]",d,3.0,aafd046f21607968a416dd3ed65c6f362f3319d9a03fce139c23db77bed4e9f1,2026-09-06T22:56:40.992922+00:00,1782919727,NO_VERIFICABLE_HISTORICAMENTE,,,,2026,6,1,False
282946,PRODUCT,3045320517699,,2.550,,EUR,2026-06-11,2224,116302,PRICE_TAG,France,Paris,True,True,True,True,True,True,False,True,True,Crème caramel aux œufs frais,Bonne Maman,"[""en:dairies"", ""en:desserts"", ""en:dairy-desserts"", ""en:custard-puddings"", ""en:custard-puddings-with-caramel-sauce"", ""fr:desserts-lactes-aux-oeufs""]",d,3.0,aafd046f21607968a416dd3ed65c6f362f3319d9a03fce139c23db77bed4e9f1,2026-09-06T22:56:40.992922+00:00,1782919727,NO_VERIFICABLE_HISTORICAMENTE,,,,2026,6,3,False
283489,PRODUCT,3033491279294,,1.750,,EUR,2026-06-12,2224,116580,PRICE_TAG,France,Paris,True,True,True,True,True,True,False,True,True,Danette double saveur vanille & chocolat,Danone,"[""en:dairies"", ""en:desserts"", ""en:dairy-desserts"", ""en:entremets-mousses-and-creamy-puddings"", ""en:chocolate-desserts"", ""en:creamy-puddings"", ""en:chocolate-creamy-puddings"", ""en:refrigerated-chocolate-creamy-puddings"", ""en:Crèmes dessert vanille chocolat""]",c,4.0,9337b9a8f828d3fea0132867547feb3b4db77b28595412f789507994a62bf174,2026-09-06T22:56:19.683954+00:00,1773985823,NO_VERIFICABLE_HISTORICAMENTE,,,,2026,6,4,False
289843,PRODUCT,3019089042228,,2.190,,EUR,2026-06-26,6393,118708,PRICE_TAG,France,Dun-sur-Auron,True,True,True,True,True,True,True,True,True,Rilettes de thon,Petit Navire,"[""en:seafood"", ""en:fishes-and-their-products"", ""en:fishes"", ""en:spreads"", ""en:fatty-fishes"", ""en:salted-spreads"", ""en:rillettes"", ""en:tunas"", ""en:fish-preparations"", ""en:fish-rillettes"", ""en:tuna-preparations"", ""en:tuna-rillettes""]",b,4.0,93fb7c44d4b195f9d413ab31e4a27740bd30a9145da7f06004d0449b96b9eadc,2026-09-06T22:56:14.270975+00:00,1774494952,NO_VERIFICABLE_HISTORICAMENTE,7c16244d20f0cc8144ca45432747d7b4104b7879debe21cfac07a1546b9ae261,PRICE_TAG,2,2026,6,4,True
290643,PRODUCT,3770018078151,,3.360,,EUR,2026-07-02,3269,119067,PRICE_TAG,France,Jarville-la-Malgrange,True,True,True,True,True,True,False,True,True,Bacon Vegetal Fumé,LA VIE,"[""en:meat-alternatives"", ""en:meat-analogues"", ""en:meat-analogues-from-soy-or-wheat-proteins"", ""en:bacon-substitutes"", ""en:meat-analogues-from-pea-proteins""]",d,4.0,d3b2de87961cdb4eaa4161956fe1fcc83469f0fe7c6ee05e5f930f9de9c32413,2026-09-06T22:59:23.891534+00:00,1782220495,NO_VERIFICABLE_HISTORICAMENTE,,,,2026,7,3,False
299720,PRODUCT,0796252300295,,6.990,,USD,2026-07-27,5747,121804,RECEIPT,United States,Foster City,True,True,True,True,True,True,False,True,True,"Lassi Yogurt Drink, Mango",Gopi,"[""en:beverages-and-beverages-preparations"", ""en:beverages"", ""en:dairies"", ""en:fermented-foods"", ""en:fermented-milk-products"", ""en:dairy-drinks"", ""en:fermented-drinks"", ""en:fermented-milk-drinks"", ""en:lassi""]",unknown,4.0,b9c1a7020fb92a32dd7da45f4f8319885d9df52dbc6e9d22b22355cd68e7e898,2026-09-06T22:55:48.204951+00:00,1780500088,NO_VERIFICABLE_HISTORICAMENTE,,,,2026,7,0,False
300247,PRODUCT,8000500391228,,3.750,,EUR,2026-07-28,6617,122151,PRICE_TAG,France,Nancy,True,True,True,True,True,True,False,True,True,Kinder Kinderini,Kinder,"[""en:snacks"", ""en:sweet-snacks"", ""en:biscuits-and-cakes"", ""en:biscuits-and-crackers"", ""en:biscuits"", ""en:pastries""]",e,4.0,541523ed87af4efb3ec302fab0b84715f2fe033aae8dbbdead2475d86083edb2,2026-09-06T23:00:21.039136+00:00,1788334947,NO_VERIFICABLE_HISTORICAMENTE,,,,2026,7,1,False
301084,PRODUCT,8000500391228,,3.490,,EUR,2026-07-30,2224,122339,RECEIPT,France,Paris,True,True,True,True,True,True,False,True,True,Kinder Kinderini,Kinder,"[""en:snacks"", ""en:sweet-snacks"", ""en:biscuits-and-cakes"", ""en:biscuits-and-crackers"", ""en:biscuits"", ""en:pastries""]",e,4.0,541523ed87af4efb3ec302fab0b84715f2fe033aae8dbbdead2475d86083edb2,2026-09-06T23:00:21.039136+00:00,1788334947,NO_VERIFICABLE_HISTORICAMENTE,,,,2026,7,3,False
301201,PRODUCT,3770018078151,,3.500,,EUR,2026-07-30,5395,122427,PRICE_TAG,France,Nancy,True,True,True,True,True,True,False,True,True,Bacon Vegetal Fumé,LA VIE,"[""en:meat-alternatives"", ""en:meat-analogues"", ""en:meat-analogues-from-soy-or-wheat-proteins"", ""en:bacon-substitutes"", ""en:meat-analogues-from-pea-proteins""]",d,4.0,d3b2de87961cdb4eaa4161956fe1fcc83469f0fe7c6ee05e5f930f9de9c32413,2026-09-06T22:59:23.891534+00:00,1782220495,NO_VERIFICABLE_HISTORICAMENTE,,,,2026,7,3,False
301405,PRODUCT,3770018078151,,3.340,,EUR,2026-07-30,5395,122425,PRICE_TAG,France,Nancy,True,True,True,True,True,True,False,True,True,Bacon Vegetal Fumé,LA VIE,"[""en:meat-alternatives"", ""en:meat-analogues"", ""en:meat-analogues-from-soy-or-wheat-proteins"", ""en:bacon-substitutes"", ""en:meat-analogues-from-pea-proteins""]",d,4.0,d3b2de87961cdb4eaa4161956fe1fcc83469f0fe7c6ee05e5f930f9de9c32413,2026-09-06T22:59:23.891534+00:00,1782220495,NO_VERIFICABLE_HISTORICAMENTE,,,,2026,7,3,False
302792,PRODUCT,3038359004544,,0.960,,EUR,2026-07-31,271,122742,PRICE_TAG,France,Nancy,True,True,True,True,True,True,False,True,True,Sauce Tomate concentrée cuisinée aux petits légumes,"Panzani, panzani","[""en:plant-based-foods-and-beverages"", ""en:plant-based-foods"", ""en:fruits-and-vegetables-based-foods"", ""en:vegetable-based-foods-and-beverages"", ""en:condiments"", ""en:vegetables-based-foods"", ""en:tomatoes-and-their-products"", ""en:sauces"", ""en:tomato-sauces"", ""en:meal-kits""]",d,4.0,1525ef9c4b93a3b937a69eaec8f574478094d6ae7f1cef983e3d35932dc3445a,2026-09-06T22:56:35.694423+00:00,1787478069,NO_VERIFICABLE_HISTORICAMENTE,,,,2026,7,4,False
303880,PRODUCT,8901725015275,,40.000,,INR,2026-08-03,6683,123581,PRICE_TAG,India,Pedda Amiram,True,True,True,True,True,True,True,True,True,Dark Fantasy Choco fills,"Sunfeast, Sunfeast is sold by ITC Limited","[""en:snacks"", ""en:sweet-snacks"", ""en:biscuits-and-cakes"", ""en:biscuits-and-crackers"", ""en:biscuits""]",e,4.0,b9763ef43d0755ccce4678810390c7e65c2023a87a47330d36cfac1181696c96,2026-09-06T23:00:52.328806+00:00,1788613744,NO_VERIFICABLE_HISTORICAMENTE,eccf5c5cfec97c8c5ae10264b1325a56cf24aaa51d2e7d4f78fcecfe0a2c93f6,PRICE_TAG,2,2026,8,0,True
305598,PRODUCT,3183811008117,,5.240,,EUR,2026-08-09,1331,124327,PRICE_TAG,France,Lyon,True,True,True,True,True,True,False,True,True,Olive noire fromage de chèvre,Marius Bernard,"[""en:spreads"", ""en:salted-spreads""]",d,3.0,875e5c0a681fe65d6cbed50d96ab72617d082823628cc689b523cc663d376db4,2026-09-06T22:57:01.625345+00:00,1774316425,NO_VERIFICABLE_HISTORICAMENTE,,,,2026,8,6,False
306888,PRODUCT,3045320517699,,2.040,,EUR,2026-08-10,3200,124702,PRICE_TAG,France,Vandœuvre-lès-Nancy,True,True,True,True,True,True,False,True,True,Crème caramel aux œufs frais,Bonne Maman,"[""en:dairies"", ""en:desserts"", ""en:dairy-desserts"", ""en:custard-puddings"", ""en:custard-puddings-with-caramel-sauce"", ""fr:desserts-lactes-aux-oeufs""]",d,3.0,aafd046f21607968a416dd3ed65c6f362f3319d9a03fce139c23db77bed4e9f1,2026-09-06T22:56:40.992922+00:00,1782919727,NO_VERIFICABLE_HISTORICAMENTE,,,,2026,8,0,False
306926,PRODUCT,5000112611878,,1.780,,EUR,2026-08-10,3200,124660,PRICE_TAG,France,Vandœuvre-lès-Nancy,True,True,True,True,True,True,False,True,True,coca cola zero,Cocacola,"[""en:beverages-and-beverages-preparations"", ""en:beverages"", ""en:non-alcoholic-beverages"", ""en:carbonated-drinks"", ""en:soft-drinks"", ""en:artificially-sweetened-beverages"", ""en:sodas"", ""en:diet-beverages"", ""en:colas"", ""en:diet-sodas"", ""en:diet-cola-soft-drink""]",unknown,4.0,f41cd3f2dade88d4268353353d5dbf52f2025a396d4f4a709efe3ac9ab99291f,2026-09-06T22:59:54.940802+00:00,1788030591,NO_VERIFICABLE_HISTORICAMENTE,,,,2026,8,0,False
307262,PRODUCT,3760341070236,,1.450,,EUR,2026-08-11,1701,125297,PRICE_TAG,France,Lyon,True,True,True,True,True,True,False,True,True,Lustucru Doypack Champignons,Lustucru,"[""fr:Riz lustucru""]",c,4.0,f1b2c0555943271b29188ef76d3fa0b0fe915885ccb4bdeb696797cb762abec9,2026-09-06T22:59:18.581119+00:00,1774536671,NO_VERIFICABLE_HISTORICAMENTE,,,,2026,8,1,False
308430,PRODUCT,0021130494859,,2.990,,USD,2026-08-11,3998,125740,PRICE_TAG,United States,Mountain View,True,True,True,True,True,True,False,True,True,Traditional pasta sauce,,"[""en:condiments"", ""en:sauces"", ""en:Groceries""]",a,3.0,86e7f3a3babcfb308826d3e0ec333046f5adc347ac8312bf9121b03d6ab78c92,2026-09-06T22:55:27.278151+00:00,1587659756,NO_VERIFICABLE_HISTORICAMENTE,,,,2026,8,1,False
310095,PRODUCT,3250390145912,,2.840,,EUR,2026-08-14,6835,126284,PRICE_TAG,France,Bourg-de-Thizy,True,True,True,True,True,True,True,True,True,Look Cola PET 4x50cl,Look,"[""fr:5g/100ml"", ""fr:Colas a teneur en sucres > 2""]",b,4.0,43aa3b64e5898ccfbb75b6171ba333e91f4adfc9cf7db78d49cb0836e00f26ee,2026-09-06T22:57:23.053635+00:00,1782265270,NO_VERIFICABLE_HISTORICAMENTE,0f40c5c181fd14385aff7a6f01c81330638b9caaf266c019f7f4ae064338afe4,PRICE_TAG,2,2026,8,4,True
310448,PRODUCT,3183811008117,,4.860,,EUR,2026-08-14,6835,126087,PRICE_TAG,France,Bourg-de-Thizy,True,True,True,True,True,True,True,True,True,Olive noire fromage de chèvre,Marius Bernard,"[""en:spreads"", ""en:salted-spreads""]",d,3.0,875e5c0a681fe65d6cbed50d96ab72617d082823628cc689b523cc663d376db4,2026-09-06T22:57:01.625345+00:00,1774316425,NO_VERIFICABLE_HISTORICAMENTE,ddb2773081fc63d76548a8bf949e5568bc2e8903310a1357164dac18a251363f,PRICE_TAG,2,2026,8,4,True
312346,PRODUCT,3019089042228,,2.080,,EUR,2026-08-18,5028,126846,PRICE_TAG,France,Laxou,True,True,True,True,True,True,False,True,True,Rilettes de thon,Petit Navire,"[""en:seafood"", ""en:fishes-and-their-products"", ""en:fishes"", ""en:spreads"", ""en:fatty-fishes"", ""en:salted-spreads"", ""en:rillettes"", ""en:tunas"", ""en:fish-preparations"", ""en:fish-rillettes"", ""en:tuna-preparations"", ""en:tuna-rillettes""]",b,4.0,93fb7c44d4b195f9d413ab31e4a27740bd30a9145da7f06004d0449b96b9eadc,2026-09-06T22:56:14.270975+00:00,1774494952,NO_VERIFICABLE_HISTORICAMENTE,,,,2026,8,1,False
316525,PRODUCT,3183811008117,,5.120,,EUR,2026-08-23,1231,128402,PRICE_TAG,France,Lyon,True,True,True,True,True,True,False,True,True,Olive noire fromage de chèvre,Marius Bernard,"[""en:spreads"", ""en:salted-spreads""]",d,3.0,875e5c0a681fe65d6cbed50d96ab72617d082823628cc689b523cc663d376db4,2026-09-06T22:57:01.625345+00:00,1774316425,NO_VERIFICABLE_HISTORICAMENTE,,,,2026,8,6,False
316527,PRODUCT,3183811008117,,5.120,,EUR,2026-08-23,1231,128402,PRICE_TAG,France,Lyon,True,True,True,True,True,True,False,True,True,Olive noire fromage de chèvre,Marius Bernard,"[""en:spreads"", ""en:salted-spreads""]",d,3.0,875e5c0a681fe65d6cbed50d96ab72617d082823628cc689b523cc663d376db4,2026-09-06T22:57:01.625345+00:00,1774316425,NO_VERIFICABLE_HISTORICAMENTE,,,,2026,8,6,False
316829,PRODUCT,3456300014556,,3.050,,EUR,2026-08-23,1231,128354,PRICE_TAG,France,Lyon,True,True,True,True,True,True,False,True,True,Fourrés Chocolat🍫,"Jardin Bio étic, jardin bio étic Léa Nature","[""en:snacks"", ""en:frozen-foods"", ""en:sweet-snacks"", ""en:biscuits-and-cakes"", ""en:biscuits-and-crackers"", ""en:biscuits"", ""en:filled-biscuits""]",d,3.0,28163a9aa69ae9dc57a947e50ab8cfa93c424eb067341d182af5a868ba9d1823,2026-09-06T22:58:37.175429+00:00,1788508142,NO_VERIFICABLE_HISTORICAMENTE,,,,2026,8,6,False
317409,PRODUCT,3038359004544,,0.970,,EUR,2026-08-24,5395,128819,PRICE_TAG,France,Nancy,True,True,True,True,True,True,False,True,True,Sauce Tomate concentrée cuisinée aux petits légumes,"Panzani, panzani","[""en:plant-based-foods-and-beverages"", ""en:plant-based-foods"", ""en:fruits-and-vegetables-based-foods"", ""en:vegetable-based-foods-and-beverages"", ""en:condiments"", ""en:vegetables-based-foods"", ""en:tomatoes-and-their-products"", ""en:sauces"", ""en:tomato-sauces"", ""en:meal-kits""]",d,4.0,1525ef9c4b93a3b937a69eaec8f574478094d6ae7f1cef983e3d35932dc3445a,2026-09-06T22:56:35.694423+00:00,1787478069,NO_VERIFICABLE_HISTORICAMENTE,,,,2026,8,0,False
318554,PRODUCT,3023260027607,,4.950,,EUR,2026-08-25,6942,129115,PRICE_TAG,France,Lyon,True,True,True,True,True,True,False,True,True,La tomme de brebis,Lou Pérac,"[""en:dairies"", ""en:fermented-foods"", ""en:fermented-milk-products"", ""en:cheeses"", ""en:mountain-products"", ""en:french-cheeses"", ""en:mountain-cheeses"", ""en:sheep-s-milk-cheeses"", ""en:tomme-cheese-from-cow-s-milk"", ""fr:tomme-de-brebis""]",d,4.0,3eac23547f8e3047f8416fa80c7936a359b0788079a3551c2fbc7c308e4f9a07,2026-09-05T19:37:18.901022+00:00,1781156159,NO_VERIFICABLE_HISTORICAMENTE,,,,2026,8,1,False
318806,PRODUCT,3256228195487,,3.730,,EUR,2026-08-25,6944,129278,PRICE_TAG,France,Lyon,True,True,True,True,True,True,True,True,True,Pur jus pressé Orange sanguine d'Italie,U,"[""en:beverages-and-beverages-preparations"", ""en:plant-based-foods-and-beverages"", ""en:beverages"", ""en:fruit-based-foods-and-beverages"", ""en:plant-based-beverages"", ""en:fruit-based-beverages"", ""en:juices-and-nectars"", ""en:fruit-juices"", ""en:orange-juices""]",c,1.0,6c8577ef0db2e4d37c148fd3bbe605cfd91fd602a7905928a6daea112334f8e1,2026-09-06T22:57:44.435876+00:00,1788575219,NO_VERIFICABLE_HISTORICAMENTE,36cdce48eecf1212611b395252b47f3f2d2bb563501bdf38bda013d2088d97b5,PRICE_TAG,2,2026,8,1,True
321663,PRODUCT,3165959213028,,2.490,,EUR,2026-08-28,2016,130360,PRICE_TAG,France,Lyon,True,True,True,True,True,True,False,True,True,Saupiquet - Thon à la Catalane,Saupiquet,"[""en:seafood"", ""en:fishes-and-their-products"", ""en:canned-foods"", ""en:fishes"", ""en:fatty-fishes"", ""en:meals"", ""en:canned-fishes"", ""en:tunas"", ""en:meals-with-fish"", ""en:tuna-in-catalan-style""]",c,4.0,211e36bf2792ead092a9301b7f45bcdb8033e2dc0fc9a4c394665ad8fbd7fb7d,2026-09-06T22:56:56.295961+00:00,1779304745,NO_VERIFICABLE_HISTORICAMENTE,,,,2026,8,4,False
321835,PRODUCT,3220035229611,,2.710,,EUR,2026-08-28,2016,130239,PRICE_TAG,France,Lyon,True,True,True,True,True,True,False,True,True,Cassonade,"Saint louis, Saint-Louis","[""en:sweeteners"", ""en:sugars"", ""en:brown-sugars"", ""en:cane-sugars"", ""fr:cassonades""]",e,2.0,2d886b3652dcce1dc85336eb81d739ae10e498acf96c7600c57c78eb69bcf61f,2026-09-05T19:36:28.786097+00:00,1787997987,NO_VERIFICABLE_HISTORICAMENTE,,,,2026,8,4,False
323126,PRODUCT,3038359004544,,1.350,,EUR,2026-08-29,3718,130878,PRICE_TAG,France,Nancy,True,True,True,True,True,True,False,True,True,Sauce Tomate concentrée cuisinée aux petits légumes,"Panzani, panzani","[""en:plant-based-foods-and-beverages"", ""en:plant-based-foods"", ""en:fruits-and-vegetables-based-foods"", ""en:vegetable-based-foods-and-beverages"", ""en:condiments"", ""en:vegetables-based-foods"", ""en:tomatoes-and-their-products"", ""en:sauces"", ""en:tomato-sauces"", ""en:meal-kits""]",d,4.0,1525ef9c4b93a3b937a69eaec8f574478094d6ae7f1cef983e3d35932dc3445a,2026-09-06T22:56:35.694423+00:00,1787478069,NO_VERIFICABLE_HISTORICAMENTE,,,,2026,8,5,False
323167,PRODUCT,3019089042228,,2.650,,EUR,2026-08-29,3718,130872,PRICE_TAG,France,Nancy,True,True,True,True,True,True,False,True,True,Rilettes de thon,Petit Navire,"[""en:seafood"", ""en:fishes-and-their-products"", ""en:fishes"", ""en:spreads"", ""en:fatty-fishes"", ""en:salted-spreads"", ""en:rillettes"", ""en:tunas"", ""en:fish-preparations"", ""en:fish-rillettes"", ""en:tuna-preparations"", ""en:tuna-rillettes""]",b,4.0,93fb7c44d4b195f9d413ab31e4a27740bd30a9145da7f06004d0449b96b9eadc,2026-09-06T22:56:14.270975+00:00,1774494952,NO_VERIFICABLE_HISTORICAMENTE,,,,2026,8,5,False
324258,PRODUCT,3242272981053,,3.740,,EUR,2026-09-01,7037,131361,PRICE_TAG,France,Lyon,True,True,True,True,True,True,True,True,True,Sandwich le méga jambon cheddar x3,Sodebo,"[""en:sandwiches"", ""en:sandwiches-filled-with-cold-cuts"", ""en:cheese-sandwiches"", ""en:ham-sandwiches"", ""en:cheddar-sandwiches"", ""en:ham-and-cheese-sandwiches"", ""fr:sandwichs-polaires""]",d,4.0,fcc59ea98d64c203ad1d9e0958086b8c4d79741d9fe17bbae4d0b561a39c5f92,2026-09-06T22:57:17.880756+00:00,1786620558,NO_VERIFICABLE_HISTORICAMENTE,cbe8df29e4b742c6cdeffe5f1c2afd80a88597ffc8f25e73275ec8e1bb5247b4,PRICE_TAG,2,2026,9,1,True
325228,PRODUCT,8901725015275,,40.000,,INR,2026-09-02,7041,131426,PRICE_TAG,India,Bengaluru,True,True,True,True,True,True,False,True,True,Dark Fantasy Choco fills,"Sunfeast, Sunfeast is sold by ITC Limited","[""en:snacks"", ""en:sweet-snacks"", ""en:biscuits-and-cakes"", ""en:biscuits-and-crackers"", ""en:biscuits""]",e,4.0,b9763ef43d0755ccce4678810390c7e65c2023a87a47330d36cfac1181696c96,2026-09-06T23:00:52.328806+00:00,1788613744,NO_VERIFICABLE_HISTORICAMENTE,,,,2026,9,2,False
325384,PRODUCT,3019089042228,,2.310,,EUR,2026-09-04,5837,131954,PRICE_TAG,France,Saint-Max,True,True,True,True,True,True,False,True,True,Rilettes de thon,Petit Navire,"[""en:seafood"", ""en:fishes-and-their-products"", ""en:fishes"", ""en:spreads"", ""en:fatty-fishes"", ""en:salted-spreads"", ""en:rillettes"", ""en:tunas"", ""en:fish-preparations"", ""en:fish-rillettes"", ""en:tuna-preparations"", ""en:tuna-rillettes""]",b,4.0,93fb7c44d4b195f9d413ab31e4a27740bd30a9145da7f06004d0449b96b9eadc,2026-09-06T22:56:14.270975+00:00,1774494952,NO_VERIFICABLE_HISTORICAMENTE,,,,2026,9,4,False
325456,PRODUCT,3770018078151,,3.250,,EUR,2026-09-04,7066,132050,PRICE_TAG,France,Rouvroy,True,True,True,True,True,True,False,True,True,Bacon Vegetal Fumé,LA VIE,"[""en:meat-alternatives"", ""en:meat-analogues"", ""en:meat-analogues-from-soy-or-wheat-proteins"", ""en:bacon-substitutes"", ""en:meat-analogues-from-pea-proteins""]",d,4.0,d3b2de87961cdb4eaa4161956fe1fcc83469f0fe7c6ee05e5f930f9de9c32413,2026-09-06T22:59:23.891534+00:00,1782220495,NO_VERIFICABLE_HISTORICAMENTE,,,,2026,9,4,False
